scan_time_utc,ticker,price,market_score,event_score,alignment_bonus,final_score,confidence_label,event_bias,signal_count,days_since_latest_event,event_tags,market_reason,event_reason,merged_reason,market_cap,float_shares,rel_volume,news_score,short_interest_score,compression_score,breakout_score,trend_score,premarket_gap_score,repeat_count_30d,company_name,sec_insider_score,congressional_score,procurement_score,ownership_score,base_weighted_score,scan_date,dollar_volume,vol_expansion_score,social_score,insider_score,total_score,reason,scan_time_utc_x,event_intel_score_x,sec_insider_score_x,event_tags_x,event_intel_reason_x,anomaly_score_x,anomaly_label_x,anomaly_flags_x,baseline_sample_size_x,scan_time_utc_y,event_intel_score_y,sec_insider_score_y,anomaly_score_y,anomaly_label_y,anomaly_flags_y,baseline_sample_size_y,event_tags_y,event_intel_reason_y,event_intel_score,anomaly_score,anomaly_label,anomaly_flags,baseline_sample_size,event_intel_reason
2026-03-15T18:57:52Z,AVO,12.15,14.8,0.0,0.0,11.1,Technical First,Neutral,,,,"unusual volume, multi-day volume expansion, elevated news flow, short squeeze potential",,"unusual volume, multi-day volume expansion, elevated news flow, short squeeze potential; nan",860783360,40103025.0,5.09,3.0,1.0,0.0,0.0,1.0,0.0,1,,,,,,11.1,,,,,,,,,,,,,,,,,,,,,,,,,,,,,,,
2026-03-15T18:57:52Z,ABX,9.8,14.56,0.0,0.0,10.92,Technical First,Neutral,,,,"multi-day volume expansion, trend improving, elevated news flow, short squeeze potential",,"multi-day volume expansion, trend improving, elevated news flow, short squeeze potential; nan",957977984,43884579.0,1.8,3.0,3.0,0.0,0.0,3.0,0.0,1,,,,,,10.92,,,,,,,,,,,,,,,,,,,,,,,,,,,,,,,
2026-03-15T18:57:52Z,FTK,17.68,13.47,0.0,0.0,10.1,Technical First,Neutral,,,,"multi-day volume expansion, trend improving, elevated news flow, short squeeze potential",,"multi-day volume expansion, trend improving, elevated news flow, short squeeze potential; nan",531422336,14029568.0,1.89,1.0,2.0,0.0,1.0,2.0,0.0,1,,,,,,10.1025,,,,,,,,,,,,,,,,,,,,,,,,,,,,,,,
2026-03-15T18:57:52Z,BGC,9.57,13.11,0.0,0.0,9.83,Technical First,Neutral,,,,"unusual volume, multi-day volume expansion, trend improving, elevated news flow",,"unusual volume, multi-day volume expansion, trend improving, elevated news flow; nan",4538687488,361918846.0,2.09,3.0,0.0,1.0,1.0,3.0,0.0,1,,,,,,9.8325,,,,,,,,,,,,,,,,,,,,,,,,,,,,,,,
2026-03-15T18:57:52Z,ALH,19.75,12.66,0.0,0.0,9.5,Technical First,Neutral,,,,"unusual volume, multi-day volume expansion, elevated news flow, short squeeze potential",,"unusual volume, multi-day volume expansion, elevated news flow, short squeeze potential; nan",4005831936,45442270.0,2.8,3.0,1.5,0.0,0.0,1.0,0.0,1,,,,,,9.495,,,,,,,,,,,,,,,,,,,,,,,,,,,,,,,
2026-03-15T18:57:52Z,ACDC,6.35,12.31,0.0,0.0,9.23,Technical First,Neutral,,,,"multi-day volume expansion, trend improving, elevated news flow, short squeeze potential",,"multi-day volume expansion, trend improving, elevated news flow, short squeeze potential; nan",1148531968,32661624.0,1.93,2.5,1.0,0.0,0.0,3.0,0.0,1,,,,,,9.2325,,,,,,,,,,,,,,,,,,,,,,,,,,,,,,,
2026-03-15T18:57:52Z,BW,10.51,10.59,0.0,0.0,7.94,Technical First,Neutral,,,,"unusual volume, multi-day volume expansion, trend improving, elevated news flow",,"unusual volume, multi-day volume expansion, trend improving, elevated news flow; nan",1370998016,93418315.0,2.49,3.0,0.0,0.0,0.0,2.0,0.0,1,,,,,,7.9425,,,,,,,,,,,,,,,,,,,,,,,,,,,,,,,
2026-03-15T18:57:52Z,EH,11.85,10.18,0.0,0.0,7.64,Technical First,Neutral,,,,"unusual volume, multi-day volume expansion, elevated news flow, short squeeze potential",,"unusual volume, multi-day volume expansion, elevated news flow, short squeeze potential; nan",853020544,106927501.0,2.23,3.0,1.5,0.0,0.0,0.0,0.0,1,,,,,,7.635,,,,,,,,,,,,,,,,,,,,,,,,,,,,,,,
2026-03-15T18:57:52Z,BMBL,3.77,9.9,0.0,0.0,7.43,Low Conviction,Neutral,,,,"multi-day volume expansion, trend improving, elevated news flow, short squeeze potential",,"multi-day volume expansion, trend improving, elevated news flow, short squeeze potential; nan",599236544,68367169.0,2.0,1.0,1.5,0.0,0.0,2.0,0.0,1,,,,,,7.425000000000001,,,,,,,,,,,,,,,,,,,,,,,,,,,,,,,
2026-03-15T18:57:52Z,GAU,2.56,9.81,0.0,0.0,7.36,Low Conviction,Neutral,,,,"unusual volume, multi-day volume expansion, elevated news flow",,"unusual volume, multi-day volume expansion, elevated news flow; nan",665063488,244836899.0,2.5,3.0,0.0,0.0,0.0,1.0,0.0,1,,,,,,7.3575,,,,,,,,,,,,,,,,,,,,,,,,,,,,,,,
2026-03-15T18:57:52Z,AERO,13.43,9.51,0.0,0.0,7.13,Low Conviction,Neutral,,,,"unusual volume, multi-day volume expansion, elevated news flow",,"unusual volume, multi-day volume expansion, elevated news flow; nan",1959482752,198606000.0,2.92,3.0,0.0,0.0,0.0,0.0,0.0,1,,,,,,7.1325,,,,,,,,,,,,,,,,,,,,,,,,,,,,,,,
2026-03-15T18:57:52Z,FWRD,15.8,9.4,0.0,0.0,7.05,Low Conviction,Neutral,,,,"multi-day volume expansion, elevated news flow, short squeeze potential",,"multi-day volume expansion, elevated news flow, short squeeze potential; nan",493722112,22694444.0,1.67,1.0,2.0,0.0,0.0,0.0,0.0,1,,,,,,7.050000000000001,,,,,,,,,,,,,,,,,,,,,,,,,,,,,,,
2026-03-15T18:57:52Z,ALOY,11.98,8.8,0.0,0.0,6.6,Low Conviction,Neutral,,,,"unusual volume, multi-day volume expansion, elevated news flow",,"unusual volume, multi-day volume expansion, elevated news flow; nan",684477312,53935198.0,2.46,3.0,0.0,0.0,0.0,1.0,0.0,1,,,,,,6.6000000000000005,,,,,,,,,,,,,,,,,,,,,,,,,,,,,,,
2026-03-15T18:57:52Z,AUR,4.08,8.67,0.0,0.0,6.5,Low Conviction,Neutral,,,,"multi-day volume expansion, elevated news flow, short squeeze potential",,"multi-day volume expansion, elevated news flow, short squeeze potential; nan",7951157760,1247259963.0,1.84,3.0,1.0,0.0,0.0,1.0,0.0,1,,,,,,6.5025,,,,,,,,,,,,,,,,,,,,,,,,,,,,,,,
2026-03-15T18:57:52Z,GDOT,10.53,8.41,0.0,0.0,6.31,Low Conviction,Neutral,,,,"unusual volume, multi-day volume expansion",,"unusual volume, multi-day volume expansion; nan",584926912,46908976.0,2.84,0.5,0.0,0.0,0.0,0.0,0.0,1,,,,,,6.3075,,,,,,,,,,,,,,,,,,,,,,,,,,,,,,,
2026-03-15T18:57:52Z,CIG,2.2,8.4,0.0,0.0,6.3,Low Conviction,Neutral,,,,"trend improving, elevated news flow",,"trend improving, elevated news flow; nan",6963773952,2373107263.0,1.79,3.0,0.0,1.0,0.0,2.0,0.0,1,,,,,,6.300000000000001,,,,,,,,,,,,,,,,,,,,,,,,,,,,,,,
2026-03-15T18:57:52Z,AXIA,10.94,8.21,0.0,0.0,6.16,Low Conviction,Neutral,,,,"multi-day volume expansion, trend improving, elevated news flow",,"multi-day volume expansion, trend improving, elevated news flow; nan",24602419200,1527753972.0,1.63,1.5,0.0,1.0,0.0,2.0,0.0,1,,,,,,6.157500000000001,,,,,,,,,,,,,,,,,,,,,,,,,,,,,,,
2026-03-15T18:57:52Z,CION,6.55,7.93,0.0,0.0,5.95,Low Conviction,Neutral,,,,"unusual volume, multi-day volume expansion, elevated news flow",,"unusual volume, multi-day volume expansion, elevated news flow; nan",341168576,,2.94,1.0,0.0,0.0,0.0,0.0,0.0,1,,,,,,5.9475,,,,,,,,,,,,,,,,,,,,,,,,,,,,,,,
2026-03-15T18:57:52Z,CERS,1.69,7.84,0.0,0.0,5.88,Low Conviction,Neutral,,,,"unusual volume, multi-day volume expansion, short squeeze potential",,"unusual volume, multi-day volume expansion, short squeeze potential; nan",324770304,171815020.0,2.37,0.5,1.0,0.0,0.0,0.0,0.0,1,,,,,,5.88,,,,,,,,,,,,,,,,,,,,,,,,,,,,,,,
2026-03-15T18:57:52Z,ANGX,3.7,7.32,0.0,0.0,5.49,Low Conviction,Neutral,,,,"unusual volume, multi-day volume expansion, short squeeze potential",,"unusual volume, multi-day volume expansion, short squeeze potential; nan",623942400,87255564.0,2.26,0.0,1.0,0.0,0.0,0.0,0.0,1,,,,,,5.49,,,,,,,,,,,,,,,,,,,,,,,,,,,,,,,
2026-03-15T18:57:52Z,EGY,5.39,7.24,0.0,0.0,5.43,Low Conviction,Neutral,,,,"trend improving, elevated news flow",,"trend improving, elevated news flow; nan",561952000,101526440.0,1.6,3.0,0.0,0.0,0.0,3.0,0.0,1,,,,,,5.43,,,,,,,,,,,,,,,,,,,,,,,,,,,,,,,
2026-03-15T18:57:52Z,ASTL,3.46,6.9,0.0,0.0,5.18,Low Conviction,Neutral,,,,multi-day volume expansion,,multi-day volume expansion; nan,363070944,71139871.0,1.75,0.5,0.0,0.0,0.0,1.0,0.0,1,,,,,,5.175000000000001,,,,,,,,,,,,,,,,,,,,,,,,,,,,,,,
2026-03-15T18:57:52Z,ABTC,1.04,6.74,0.0,0.0,5.06,Low Conviction,Neutral,,,,"multi-day volume expansion, elevated news flow",,"multi-day volume expansion, elevated news flow; nan",964709184,191049525.0,1.53,3.0,0.0,0.0,0.0,0.0,0.0,1,,,,,,5.055,,,,,,,,,,,,,,,,,,,,,,,,,,,,,,,
2026-03-15T18:57:52Z,ADPT,13.17,6.21,0.0,0.0,4.66,Low Conviction,Neutral,,,,"unusual volume, multi-day volume expansion",,"unusual volume, multi-day volume expansion; nan",2027937280,116831970.0,2.03,0.5,0.0,0.0,0.0,0.0,0.0,1,,,,,,4.6575,,,,,,,,,,,,,,,,,,,,,,,,,,,,,,,
2026-03-15T18:57:52Z,ENGN,7.16,4.31,0.0,0.0,3.23,Low Conviction,Neutral,,,,short squeeze potential,,short squeeze potential; nan,479644544,26439402.0,1.59,0.5,1.0,0.0,0.0,0.0,0.0,1,,,,,,3.2325,,,,,,,,,,,,,,,,,,,,,,,,,,,,,,,
2026-03-15T18:57:52Z,BSBR,5.72,4.3,0.0,0.0,3.22,Low Conviction,Neutral,,,,unusual volume,,unusual volume; nan,43529801728,3735623127.0,2.28,0.0,0.0,0.0,0.0,0.0,0.0,1,,,,,,3.225,,,,,,,,,,,,,,,,,,,,,,,,,,,,,,,
2026-03-15T18:57:52Z,BLND,1.56,2.98,0.0,0.0,2.24,Low Conviction,Neutral,,,,mixed setup,,mixed setup; nan,405205152,219316192.0,1.79,0.0,0.0,0.0,0.0,0.0,0.0,1,,,,,,2.235,,,,,,,,,,,,,,,,,,,,,,,,,,,,,,,
,AVO,12.15,,,,,,,,,,,,,860783360,40103025.0,5.09,3.0,1.0,0.0,0.0,1.0,0.0,2,,,,,,,2026-03-15,33012666.76,3.0,0.0,0.0,15.2,"unusual volume, multi-day volume expansion, elevated news flow, short squeeze potential",,,,,,,,,,2026-03-15T21:04:51Z,3.08,7.7,0.0,No Baseline,,0.0,"buy, form4, insider, open_market_buy, parsed","meaningful insider filing activity, latest event 6 day(s) ago, insider accumulation detected for avo",,,,,,
,ABX,9.8,,,,,,,,,,,,,957977984,43884579.0,1.8,3.0,3.0,0.0,0.0,3.0,0.0,2,,,,,,,2026-03-15,11379662.22,3.0,0.0,0.0,14.96,"multi-day volume expansion, trend improving, elevated news flow, short squeeze potential",,,,,,,,,,2026-03-15T21:03:30Z,2.47,6.17,0.0,No Baseline,,0.0,"buy, form4, insider, open_market_buy, open_market_sale, parsed, sell","meaningful insider filing activity, latest event 25 day(s) ago, insider selling detected for abx",,,,,,
,FTK,17.68,,,,,,,,,,,,,531422336,14029568.0,1.89,1.0,2.0,0.0,1.0,2.0,0.0,2,,,,,,,2026-03-15,9768642.17,3.0,0.0,0.0,13.87,"multi-day volume expansion, trend improving, elevated news flow, short squeeze potential",,,,,,,,,,2026-03-15T21:05:43Z,2.94,7.36,0.0,No Baseline,,0.0,"buy, form4, insider, open_market_sale, parsed, sell, tax_withholding","meaningful insider filing activity, latest event 13 day(s) ago, insider selling detected for ftk",,,,,,
,BGC,9.57,,,,,,,,,,,,,4538687488,361918846.0,2.09,3.0,0.0,1.0,1.0,3.0,0.0,2,,,,,,,2026-03-15,47748948.85,3.0,0.0,0.0,13.51,"unusual volume, multi-day volume expansion, trend improving, elevated news flow",,,,,,,,,,2026-03-15T21:04:57Z,3.18,7.96,0.0,No Baseline,,0.0,"form4, insider, open_market_sale, parsed, sell","meaningful insider filing activity, latest event 6 day(s) ago, insider selling detected for bgc",,,,,,
,ALH,19.75,,,,,,,,,,,,,4005831936,45442270.0,2.8,3.0,1.5,0.0,0.0,1.0,0.0,2,,,,,,,2026-03-15,35095513.0,3.0,0.0,0.0,13.06,"unusual volume, multi-day volume expansion, elevated news flow, short squeeze potential",,,,,,,,,,2026-03-15T21:04:18Z,1.9,4.75,0.0,No Baseline,,0.0,"form4, insider, option_exercise, parsed, sell, tax_withholding","recent insider filings, latest event 53 day(s) ago, insider selling detected for alh",,,,,,
,ACDC,6.35,,,,,,,,,,,,,1148531968,32661624.0,1.93,2.5,1.0,0.0,0.0,3.0,0.0,2,,,,,,,2026-03-15,17500085.39,3.0,0.0,0.0,12.71,"multi-day volume expansion, trend improving, elevated news flow, short squeeze potential",,,,,,,,,,2026-03-15T21:03:36Z,3.38,8.45,0.0,No Baseline,,0.0,"buy, form4, insider, parsed","meaningful insider filing activity, latest event 4 day(s) ago, insider accumulation detected for acdc",,,,,,
,BW,10.51,,,,,,,,,,,,,1370998016,93418315.0,2.49,3.0,0.0,0.0,0.0,2.0,0.0,2,,,,,,,2026-03-15,112195955.06,3.0,0.0,0.0,10.99,"unusual volume, multi-day volume expansion, trend improving, elevated news flow",,,,,,,,,,2026-03-15T21:05:15Z,3.77,9.43,0.0,No Baseline,,0.0,"form4, insider, open_market_sale, option_exercise, parsed, sell, tax_withholding","meaningful insider filing activity, latest event 6 day(s) ago, insider selling detected for bw",,,,,,
,EH,11.85,,,,,,,,,,,,,853020544,106927501.0,2.23,3.0,1.5,0.0,0.0,0.0,0.0,2,,,,,,,2026-03-15,13404507.13,3.0,0.0,0.0,10.58,"unusual volume, multi-day volume expansion, elevated news flow, short squeeze potential",,,,,,,,,,2026-03-15T21:05:30Z,0.0,0.0,0.0,No Baseline,,0.0,,no event-intel signals; SEC=no recent Form 4 filings; SAM=SAM_API_KEY not set; Congress=HOUSE_PTR_CSV not set,,,,,,
,BMBL,3.77,,,,,,,,,,,,,599236544,68367169.0,2.0,1.0,1.5,0.0,0.0,2.0,0.0,2,,,,,,,2026-03-15,37845623.6,3.0,0.0,0.0,10.3,"multi-day volume expansion, trend improving, elevated news flow, short squeeze potential",,,,,,,,,,2026-03-15T21:05:09Z,3.18,7.96,0.0,No Baseline,,0.0,"form4, insider, parsed, sell, tax_withholding","meaningful insider filing activity, latest event 3 day(s) ago, insider selling detected for bmbl",,,,,,
,GAU,2.56,,,,,,,,,,,,,665063488,244836899.0,2.5,3.0,0.0,0.0,0.0,1.0,0.0,2,,,,,,,2026-03-15,25473113.03,3.0,0.0,0.0,10.21,"unusual volume, multi-day volume expansion, elevated news flow",,,,,,,,,,2026-03-15T21:06:02Z,0.0,0.0,0.0,No Baseline,,0.0,,no event-intel signals; SEC=no recent Form 4 filings; SAM=SAM_API_KEY not set; Congress=HOUSE_PTR_CSV not set,,,,,,
,AERO,13.43,,,,,,,,,,,,,1959482752,198606000.0,2.92,3.0,0.0,0.0,0.0,0.0,0.0,2,,,,,,,2026-03-15,24254285.09,3.0,0.0,0.0,9.91,"unusual volume, multi-day volume expansion, elevated news flow",,,,,,,,,,2026-03-15T21:04:17Z,0.0,0.0,0.0,No Baseline,,0.0,,no event-intel signals; SEC=no recent Form 4 filings; SAM=SAM_API_KEY not set; Congress=HOUSE_PTR_CSV not set,,,,,,
,FWRD,15.8,,,,,,,,,,,,,493722112,22694444.0,1.67,1.0,2.0,0.0,0.0,0.0,0.0,2,,,,,,,2026-03-15,22124171.47,3.0,0.0,0.0,9.8,"multi-day volume expansion, elevated news flow, short squeeze potential",,,,,,,,,,2026-03-15T21:06:01Z,2.6,6.5,0.0,No Baseline,,0.0,"buy, form4, insider, open_market_buy, open_market_sale, parsed, sell, tax_withholding","meaningful insider filing activity, latest event 20 day(s) ago, insider accumulation detected for fwrd",,,,,,
,ALOY,11.98,,,,,,,,,,,,,684477312,53935198.0,2.46,3.0,0.0,0.0,0.0,1.0,0.0,2,,,,,,,2026-03-15,32151739.1,2.2,0.0,0.0,9.2,"unusual volume, multi-day volume expansion, elevated news flow",,,,,,,,,,2026-03-15T21:04:31Z,0.78,1.95,0.0,No Baseline,,0.0,"form4, insider, unparsed","recent insider filings, latest event 10 day(s) ago, recent form 4 filing for aloy",,,,,,
,AUR,4.08,,,,,,,,,,,,,7951157760,1247259963.0,1.84,3.0,1.0,0.0,0.0,1.0,0.0,2,,,,,,,2026-03-15,139497857.55,1.88,0.0,0.0,9.07,"multi-day volume expansion, elevated news flow, short squeeze potential",,,,,,,,,,2026-03-15T21:04:45Z,3.57,8.93,0.0,No Baseline,,0.0,"buy, form4, insider, parsed, sell, tax_withholding","meaningful insider filing activity, latest event 2 day(s) ago, insider accumulation detected for aur",,,,,,
,GDOT,10.53,,,,,,,,,,,,,584926912,46908976.0,2.84,0.5,0.0,0.0,0.0,0.0,0.0,2,,,,,,,2026-03-15,14892557.56,3.0,0.0,0.0,8.81,"unusual volume, multi-day volume expansion",,,,,,,,,,2026-03-15T21:06:10Z,3.77,9.43,0.0,No Baseline,,0.0,"form4, insider, parsed, sell, tax_withholding","meaningful insider filing activity, latest event 6 day(s) ago, insider selling detected for gdot",,,,,,
,CIG,2.2,,,,,,,,,,,,,6963773952,2373107263.0,1.79,3.0,0.0,1.0,0.0,2.0,0.0,2,,,,,,,2026-03-15,22990152.3,1.05,0.0,0.0,8.8,"trend improving, elevated news flow",,,,,,,,,,2026-03-15T21:05:28Z,0.0,0.0,0.0,No Baseline,,0.0,,no event-intel signals; SEC=no recent Form 4 filings; SAM=SAM_API_KEY not set; Congress=HOUSE_PTR_CSV not set,,,,,,
,AXIA,10.94,,,,,,,,,,,,,24602419200,1527753972.0,1.63,1.5,0.0,1.0,0.0,2.0,0.0,2,,,,,,,2026-03-15,42400987.81,2.05,0.0,0.0,8.61,"multi-day volume expansion, trend improving, elevated news flow",,,,,,,,,,2026-03-15T21:04:52Z,0.0,0.0,0.0,No Baseline,,0.0,,no event-intel signals; SEC=no recent Form 4 filings; SAM=SAM_API_KEY not set; Congress=HOUSE_PTR_CSV not set,,,,,,
,CION,6.55,,,,,,,,,,,,,341168576,,2.94,1.0,0.0,0.0,0.0,0.0,0.0,2,,,,,,,2026-03-15,11726321.24,3.0,0.0,0.0,8.33,"unusual volume, multi-day volume expansion, elevated news flow",,,,,,,,,,2026-03-15T21:05:29Z,0.0,0.0,0.0,No Baseline,,0.0,,"no event-intel signals; SEC=recent Form 4 filings found, but no actionable transactions parsed; SAM=SAM_API_KEY not set; Congress=HOUSE_PTR_CSV not set",,,,,,
,CERS,1.69,,,,,,,,,,,,,324770304,171815020.0,2.37,0.5,1.0,0.0,0.0,0.0,0.0,2,,,,,,,2026-03-15,8043210.51,3.0,0.0,0.0,8.24,"unusual volume, multi-day volume expansion, short squeeze potential",,,,,,,,,,2026-03-15T21:05:28Z,3.77,9.43,0.0,No Baseline,,0.0,"buy, form4, insider, open_market_sale, parsed, sell","meaningful insider filing activity, latest event 5 day(s) ago, insider selling detected for cers",,,,,,
,ANGX,3.7,,,,,,,,,,,,,623942400,87255564.0,2.26,0.0,1.0,0.0,0.0,0.0,0.0,2,,,,,,,2026-03-15,6049407.58,3.0,0.0,0.0,7.72,"unusual volume, multi-day volume expansion, short squeeze potential",,,,,,,,,,2026-03-15T21:04:40Z,2.81,7.03,0.0,No Baseline,,0.0,"administrative, form4, insider, option_exercise, parsed, sell, tax_withholding","meaningful insider filing activity, latest event 6 day(s) ago, insider selling detected for angx",,,,,,
,EGY,5.39,,,,,,,,,,,,,561952000,101526440.0,1.6,3.0,0.0,0.0,0.0,3.0,0.0,2,,,,,,,2026-03-15,12182402.24,0.44,0.0,0.0,7.64,"trend improving, elevated news flow",,,,,,,,,,2026-03-15T21:05:29Z,0.0,0.0,0.0,No Baseline,,0.0,,"no event-intel signals; SEC=recent Form 4 filings found, but no actionable transactions parsed; SAM=SAM_API_KEY not set; Congress=HOUSE_PTR_CSV not set",,,,,,
,ASTL,3.46,,,,,,,,,,,,,363070944,71139871.0,1.75,0.5,0.0,0.0,0.0,1.0,0.0,2,,,,,,,2026-03-15,9555963.05,3.0,0.0,0.0,7.3,multi-day volume expansion,,,,,,,,,,2026-03-15T21:04:41Z,0.0,0.0,0.0,No Baseline,,0.0,,no event-intel signals; SEC=no recent Form 4 filings; SAM=SAM_API_KEY not set; Congress=HOUSE_PTR_CSV not set,,,,,,
,ABTC,1.04,,,,,,,,,,,,,964709184,191049525.0,1.53,3.0,0.0,0.0,0.0,0.0,0.0,2,,,,,,,2026-03-15,25198506.44,2.11,0.0,0.0,7.17,"multi-day volume expansion, elevated news flow",,,,,,,,,,2026-03-15T21:03:24Z,3.2,8.0,0.0,No Baseline,,0.0,"buy, form4, insider, open_market_buy, parsed","meaningful insider filing activity, latest event 6 day(s) ago, insider accumulation detected for abtc",,,,,,
,ADPT,13.17,,,,,,,,,,,,,2027937280,116831970.0,2.04,0.5,0.0,0.0,0.0,0.0,0.0,2,,,,,,,2026-03-15,51396359.91,2.82,0.0,0.0,6.63,"unusual volume, multi-day volume expansion",,,,,,,,,,2026-03-15T21:04:16Z,4.0,10.0,0.0,No Baseline,,0.0,"buy, form4, insider, open_market_sale, option_exercise, parsed, sell, unparsed","meaningful insider filing activity, latest event 2 day(s) ago, insider selling detected for adpt",,,,,,
,ENGN,7.16,,,,,,,,,,,,,479644544,26439402.0,1.59,0.5,1.0,0.0,0.0,0.0,0.0,2,,,,,,,2026-03-15,5665464.44,0.0,0.0,0.0,4.71,short squeeze potential,,,,,,,,,,2026-03-15T21:05:39Z,2.08,5.2,0.0,No Baseline,,0.0,"buy, form4, insider, parsed","recent insider filings, latest event 40 day(s) ago, insider accumulation detected for engn",,,,,,
,BSBR,5.72,,,,,,,,,,,,,43529801728,3735623127.0,2.28,0.0,0.0,0.0,0.0,0.0,0.0,2,,,,,,,2026-03-15,12848486.61,1.31,0.0,0.0,4.7,unusual volume,,,,,,,,,,2026-03-15T21:05:10Z,0.0,0.0,0.0,No Baseline,,0.0,,no event-intel signals; SEC=no recent Form 4 filings; SAM=SAM_API_KEY not set; Congress=HOUSE_PTR_CSV not set,,,,,,
,BLND,1.56,,,,,,,,,,,,,405205152,219316192.0,1.79,0.0,0.0,0.0,0.0,0.0,0.0,2,,,,,,,2026-03-15,9786470.88,0.7,0.0,0.0,3.38,mixed setup,,,,,,,,,,2026-03-15T21:05:07Z,2.99,7.47,0.0,No Baseline,,0.0,"buy, form4, insider, open_market_sale, option_exercise, parsed, sell, tax_withholding","meaningful insider filing activity, latest event 17 day(s) ago, insider selling detected for blnd",,,,,,
,AVO,12.15,,,,,,,,,,,,,860783360,40103025.0,5.09,3.0,1.0,0.0,0.0,1.0,0.0,3,,,,,,,2026-03-15,33012666.76,3.0,0.0,0.0,15.6,"unusual volume, multi-day volume expansion, elevated news flow, short squeeze potential",2026-03-15T21:04:51Z,3.08,7.7,"buy, form4, insider, open_market_buy, parsed","meaningful insider filing activity, latest event 6 day(s) ago, insider accumulation detected for avo",0.0,No Baseline,,0.0,2026-03-15T22:26:38Z,3.08,7.7,0.0,Baseline Building,,1.0,"buy, form4, insider, open_market_buy, parsed","meaningful insider filing activity, latest event 6 day(s) ago, insider accumulation detected for avo",,,,,,
,ABX,9.8,,,,,,,,,,,,,957977984,43884579.0,1.8,3.0,3.0,0.0,0.0,3.0,0.0,3,,,,,,,2026-03-15,11379662.22,3.0,0.0,0.0,15.36,"multi-day volume expansion, trend improving, elevated news flow, short squeeze potential",2026-03-15T21:03:30Z,2.47,6.17,"buy, form4, insider, open_market_buy, open_market_sale, parsed, sell","meaningful insider filing activity, latest event 25 day(s) ago, insider selling detected for abx",0.0,No Baseline,,0.0,2026-03-15T22:25:38Z,2.47,6.17,0.0,Baseline Building,,1.0,"buy, form4, insider, open_market_buy, open_market_sale, parsed, sell","meaningful insider filing activity, latest event 25 day(s) ago, insider selling detected for abx",,,,,,
,FTK,17.68,,,,,,,,,,,,,531422336,14029568.0,1.89,2.0,2.0,0.0,1.0,2.0,0.0,3,,,,,,,2026-03-15,9768642.17,3.0,0.0,0.0,15.07,"multi-day volume expansion, trend improving, elevated news flow, short squeeze potential",2026-03-15T21:05:43Z,2.94,7.36,"buy, form4, insider, open_market_sale, parsed, sell, tax_withholding","meaningful insider filing activity, latest event 13 day(s) ago, insider selling detected for ftk",0.0,No Baseline,,0.0,2026-03-15T22:27:21Z,2.94,7.36,0.0,Baseline Building,,1.0,"buy, form4, insider, open_market_sale, parsed, sell, tax_withholding","meaningful insider filing activity, latest event 13 day(s) ago, insider selling detected for ftk",,,,,,
,BGC,9.57,,,,,,,,,,,,,4538687488,361918846.0,2.09,3.0,0.0,1.0,1.0,3.0,0.0,3,,,,,,,2026-03-15,47748948.85,3.0,0.0,0.0,13.91,"unusual volume, multi-day volume expansion, trend improving, elevated news flow",2026-03-15T21:04:57Z,3.18,7.96,"form4, insider, open_market_sale, parsed, sell","meaningful insider filing activity, latest event 6 day(s) ago, insider selling detected for bgc",0.0,No Baseline,,0.0,2026-03-15T22:26:42Z,3.18,7.96,0.0,Baseline Building,,1.0,"form4, insider, open_market_sale, parsed, sell","meaningful insider filing activity, latest event 6 day(s) ago, insider selling detected for bgc",,,,,,
,ALH,19.75,,,,,,,,,,,,,4005831936,45442270.0,2.8,3.0,1.5,0.0,0.0,1.0,0.0,3,,,,,,,2026-03-15,35095513.0,3.0,0.0,0.0,13.46,"unusual volume, multi-day volume expansion, elevated news flow, short squeeze potential",2026-03-15T21:04:18Z,1.9,4.75,"form4, insider, option_exercise, parsed, sell, tax_withholding","recent insider filings, latest event 53 day(s) ago, insider selling detected for alh",0.0,No Baseline,,0.0,2026-03-15T22:26:14Z,1.9,4.75,0.0,Baseline Building,,1.0,"form4, insider, option_exercise, parsed, sell, tax_withholding","recent insider filings, latest event 53 day(s) ago, insider selling detected for alh",,,,,,
,ACDC,6.35,,,,,,,,,,,,,1148531968,32661624.0,1.93,2.5,1.0,0.0,0.0,3.0,0.0,3,,,,,,,2026-03-15,17500085.39,3.0,0.0,0.0,13.11,"multi-day volume expansion, trend improving, elevated news flow, short squeeze potential",2026-03-15T21:03:36Z,3.38,8.45,"buy, form4, insider, parsed","meaningful insider filing activity, latest event 4 day(s) ago, insider accumulation detected for acdc",0.0,No Baseline,,0.0,2026-03-15T22:25:44Z,3.38,8.45,0.0,Baseline Building,,1.0,"buy, form4, insider, parsed","meaningful insider filing activity, latest event 4 day(s) ago, insider accumulation detected for acdc",,,,,,
,BW,10.51,,,,,,,,,,,,,1370998016,93418315.0,2.49,3.0,0.0,0.0,0.0,2.0,0.0,3,,,,,,,2026-03-15,112195955.06,3.0,0.0,0.0,11.39,"unusual volume, multi-day volume expansion, trend improving, elevated news flow",2026-03-15T21:05:15Z,3.77,9.43,"form4, insider, open_market_sale, option_exercise, parsed, sell, tax_withholding","meaningful insider filing activity, latest event 6 day(s) ago, insider selling detected for bw",0.0,No Baseline,,0.0,2026-03-15T22:26:57Z,3.77,9.43,0.0,Baseline Building,,1.0,"form4, insider, open_market_sale, option_exercise, parsed, sell, tax_withholding","meaningful insider filing activity, latest event 6 day(s) ago, insider selling detected for bw",,,,,,
,FWRD,15.8,,,,,,,,,,,,,493722112,22694444.0,1.67,2.0,2.0,0.0,0.0,0.0,0.0,3,,,,,,,2026-03-15,22124171.47,3.0,0.0,0.0,11.0,"multi-day volume expansion, elevated news flow, short squeeze potential",2026-03-15T21:06:01Z,2.6,6.5,"buy, form4, insider, open_market_buy, open_market_sale, parsed, sell, tax_withholding","meaningful insider filing activity, latest event 20 day(s) ago, insider accumulation detected for fwrd",0.0,No Baseline,,0.0,2026-03-15T22:27:34Z,2.6,6.5,0.0,Baseline Building,,1.0,"buy, form4, insider, open_market_buy, open_market_sale, parsed, sell, tax_withholding","meaningful insider filing activity, latest event 20 day(s) ago, insider accumulation detected for fwrd",,,,,,
,BMBL,3.77,,,,,,,,,,,,,599236544,68367169.0,2.0,1.0,1.5,0.0,0.0,2.0,0.0,3,,,,,,,2026-03-15,37845623.6,3.0,0.0,0.0,10.7,"multi-day volume expansion, trend improving, elevated news flow, short squeeze potential",2026-03-15T21:05:09Z,3.18,7.96,"form4, insider, parsed, sell, tax_withholding","meaningful insider filing activity, latest event 3 day(s) ago, insider selling detected for bmbl",0.0,No Baseline,,0.0,2026-03-15T22:26:52Z,3.18,7.96,0.0,Baseline Building,,1.0,"form4, insider, parsed, sell, tax_withholding","meaningful insider filing activity, latest event 3 day(s) ago, insider selling detected for bmbl",,,,,,
,GDOT,10.53,,,,,,,,,,,,,584926912,46908976.0,2.84,2.0,0.0,0.0,0.0,0.0,0.0,3,,,,,,,2026-03-15,14892557.56,3.0,0.0,0.0,10.41,"unusual volume, multi-day volume expansion, elevated news flow",2026-03-15T21:06:10Z,3.77,9.43,"form4, insider, parsed, sell, tax_withholding","meaningful insider filing activity, latest event 6 day(s) ago, insider selling detected for gdot",0.0,No Baseline,,0.0,2026-03-15T22:27:41Z,3.77,9.43,0.0,Baseline Building,,1.0,"form4, insider, parsed, sell, tax_withholding","meaningful insider filing activity, latest event 6 day(s) ago, insider selling detected for gdot",,,,,,
,AERO,13.43,,,,,,,,,,,,,1959482752,198606000.0,2.92,3.0,0.0,0.0,0.0,0.0,0.0,3,,,,,,,2026-03-15,24254285.09,3.0,0.0,0.0,10.31,"unusual volume, multi-day volume expansion, elevated news flow",2026-03-15T21:04:17Z,0.0,0.0,,no event-intel signals; SEC=no recent Form 4 filings; SAM=SAM_API_KEY not set; Congress=HOUSE_PTR_CSV not set,0.0,No Baseline,,0.0,2026-03-15T22:26:12Z,0.0,0.0,0.0,Baseline Building,,1.0,,no event-intel signals; SEC=no recent Form 4 filings; SAM=SAM_API_KEY not set; Congress=HOUSE_PTR_CSV not set,,,,,,
,EH,11.85,,,,,,,,,,,,,853020544,106927501.0,2.23,2.0,1.5,0.0,0.0,0.0,0.0,3,,,,,,,2026-03-15,13404507.13,3.0,0.0,0.0,10.18,"unusual volume, multi-day volume expansion, elevated news flow, short squeeze potential",2026-03-15T21:05:30Z,0.0,0.0,,no event-intel signals; SEC=no recent Form 4 filings; SAM=SAM_API_KEY not set; Congress=HOUSE_PTR_CSV not set,0.0,No Baseline,,0.0,2026-03-15T22:27:10Z,0.0,0.0,0.0,Baseline Building,,1.0,,no event-intel signals; SEC=no recent Form 4 filings; SAM=SAM_API_KEY not set; Congress=HOUSE_PTR_CSV not set,,,,,,
,GAU,2.56,,,,,,,,,,,,,665063488,244836899.0,2.5,2.0,0.0,0.0,0.0,1.0,0.0,3,,,,,,,2026-03-15,25473113.03,3.0,0.0,0.0,9.81,"unusual volume, multi-day volume expansion, elevated news flow",2026-03-15T21:06:02Z,0.0,0.0,,no event-intel signals; SEC=no recent Form 4 filings; SAM=SAM_API_KEY not set; Congress=HOUSE_PTR_CSV not set,0.0,No Baseline,,0.0,2026-03-15T22:27:35Z,0.0,0.0,0.0,Baseline Building,,1.0,,no event-intel signals; SEC=no recent Form 4 filings; SAM=SAM_API_KEY not set; Congress=HOUSE_PTR_CSV not set,,,,,,
,ALOY,11.98,,,,,,,,,,,,,684477312,53935198.0,2.46,3.0,0.0,0.0,0.0,1.0,0.0,3,,,,,,,2026-03-15,32151739.1,2.2,0.0,0.0,9.6,"unusual volume, multi-day volume expansion, elevated news flow",2026-03-15T21:04:31Z,0.78,1.95,"form4, insider, unparsed","recent insider filings, latest event 10 day(s) ago, recent form 4 filing for aloy",0.0,No Baseline,,0.0,2026-03-15T22:26:20Z,0.78,1.95,0.0,Baseline Building,,1.0,"form4, insider, unparsed","recent insider filings, latest event 10 day(s) ago, recent form 4 filing for aloy",,,,,,
,CION,6.55,,,,,,,,,,,,,341168576,,2.94,2.0,0.0,0.0,0.0,0.0,0.0,3,,,,,,,2026-03-15,11726321.24,3.0,0.0,0.0,9.53,"unusual volume, multi-day volume expansion, elevated news flow",2026-03-15T21:05:29Z,0.0,0.0,,"no event-intel signals; SEC=recent Form 4 filings found, but no actionable transactions parsed; SAM=SAM_API_KEY not set; Congress=HOUSE_PTR_CSV not set",0.0,No Baseline,,0.0,2026-03-15T22:27:09Z,0.0,0.0,0.0,Baseline Building,,1.0,,"no event-intel signals; SEC=recent Form 4 filings found, but no actionable transactions parsed; SAM=SAM_API_KEY not set; Congress=HOUSE_PTR_CSV not set",,,,,,
,AUR,4.08,,,,,,,,,,,,,7951157760,1247259963.0,1.84,3.0,1.0,0.0,0.0,1.0,0.0,3,,,,,,,2026-03-15,139497857.55,1.88,0.0,0.0,9.47,"multi-day volume expansion, elevated news flow, short squeeze potential",2026-03-15T21:04:45Z,3.57,8.93,"buy, form4, insider, parsed, sell, tax_withholding","meaningful insider filing activity, latest event 2 day(s) ago, insider accumulation detected for aur",0.0,No Baseline,,0.0,2026-03-15T22:26:32Z,3.57,8.93,0.0,Baseline Building,,1.0,"buy, form4, insider, parsed, sell, tax_withholding","meaningful insider filing activity, latest event 2 day(s) ago, insider accumulation detected for aur",,,,,,
,CIG,2.2,,,,,,,,,,,,,6963773952,2373107263.0,1.79,3.0,0.0,1.0,0.0,2.0,0.0,3,,,,,,,2026-03-15,22990152.3,1.05,0.0,0.0,9.2,"trend improving, elevated news flow",2026-03-15T21:05:28Z,0.0,0.0,,no event-intel signals; SEC=no recent Form 4 filings; SAM=SAM_API_KEY not set; Congress=HOUSE_PTR_CSV not set,0.0,No Baseline,,0.0,2026-03-15T22:27:08Z,0.0,0.0,0.0,Baseline Building,,1.0,,no event-intel signals; SEC=no recent Form 4 filings; SAM=SAM_API_KEY not set; Congress=HOUSE_PTR_CSV not set,,,,,,
,AXIA,10.94,,,,,,,,,,,,,24602419200,1527753972.0,1.63,1.5,0.0,1.0,0.0,2.0,0.0,3,,,,,,,2026-03-15,42400987.81,2.05,0.0,0.0,9.01,"multi-day volume expansion, trend improving, elevated news flow",2026-03-15T21:04:52Z,0.0,0.0,,no event-intel signals; SEC=no recent Form 4 filings; SAM=SAM_API_KEY not set; Congress=HOUSE_PTR_CSV not set,0.0,No Baseline,,0.0,2026-03-15T22:26:38Z,0.0,0.0,0.0,Baseline Building,,1.0,,no event-intel signals; SEC=no recent Form 4 filings; SAM=SAM_API_KEY not set; Congress=HOUSE_PTR_CSV not set,,,,,,
,CERS,1.69,,,,,,,,,,,,,324770304,171815020.0,2.37,0.5,1.0,0.0,0.0,0.0,0.0,3,,,,,,,2026-03-15,8043210.51,3.0,0.0,0.0,8.64,"unusual volume, multi-day volume expansion, short squeeze potential",2026-03-15T21:05:28Z,3.77,9.43,"buy, form4, insider, open_market_sale, parsed, sell","meaningful insider filing activity, latest event 5 day(s) ago, insider selling detected for cers",0.0,No Baseline,,0.0,2026-03-15T22:27:07Z,3.77,9.43,0.0,Baseline Building,,1.0,"buy, form4, insider, open_market_sale, parsed, sell","meaningful insider filing activity, latest event 5 day(s) ago, insider selling detected for cers",,,,,,
,ANGX,3.7,,,,,,,,,,,,,623942400,87255564.0,2.26,0.0,1.0,0.0,0.0,0.0,0.0,3,,,,,,,2026-03-15,6049407.58,3.0,0.0,0.0,8.12,"unusual volume, multi-day volume expansion, short squeeze potential",2026-03-15T21:04:40Z,2.81,7.03,"administrative, form4, insider, option_exercise, parsed, sell, tax_withholding","meaningful insider filing activity, latest event 6 day(s) ago, insider selling detected for angx",0.0,No Baseline,,0.0,2026-03-15T22:26:28Z,2.81,7.03,0.0,Baseline Building,,1.0,"administrative, form4, insider, option_exercise, parsed, sell, tax_withholding","meaningful insider filing activity, latest event 6 day(s) ago, insider selling detected for angx",,,,,,
,ASTL,3.46,,,,,,,,,,,,,363070944,71139871.0,1.75,0.5,0.0,0.0,0.0,1.0,0.0,3,,,,,,,2026-03-15,9555963.05,3.0,0.0,0.0,7.7,multi-day volume expansion,2026-03-15T21:04:41Z,0.0,0.0,,no event-intel signals; SEC=no recent Form 4 filings; SAM=SAM_API_KEY not set; Congress=HOUSE_PTR_CSV not set,0.0,No Baseline,,0.0,2026-03-15T22:26:28Z,0.0,0.0,0.0,Baseline Building,,1.0,,no event-intel signals; SEC=no recent Form 4 filings; SAM=SAM_API_KEY not set; Congress=HOUSE_PTR_CSV not set,,,,,,
,ABTC,1.04,,,,,,,,,,,,,964709184,191049525.0,1.53,3.0,0.0,0.0,0.0,0.0,0.0,3,,,,,,,2026-03-15,25198506.44,2.11,0.0,0.0,7.57,"multi-day volume expansion, elevated news flow",2026-03-15T21:03:24Z,3.2,8.0,"buy, form4, insider, open_market_buy, parsed","meaningful insider filing activity, latest event 6 day(s) ago, insider accumulation detected for abtc",0.0,No Baseline,,0.0,2026-03-15T22:25:33Z,3.2,8.0,0.0,Baseline Building,,1.0,"buy, form4, insider, open_market_buy, parsed","meaningful insider filing activity, latest event 6 day(s) ago, insider accumulation detected for abtc",,,,,,
,EGY,5.39,,,,,,,,,,,,,561952000,101526440.0,1.6,2.0,0.0,0.0,0.0,3.0,0.0,3,,,,,,,2026-03-15,12182402.24,0.44,0.0,0.0,7.24,"trend improving, elevated news flow",2026-03-15T21:05:29Z,0.0,0.0,,"no event-intel signals; SEC=recent Form 4 filings found, but no actionable transactions parsed; SAM=SAM_API_KEY not set; Congress=HOUSE_PTR_CSV not set",0.0,No Baseline,,0.0,2026-03-15T22:27:09Z,0.0,0.0,0.0,Baseline Building,,1.0,,"no event-intel signals; SEC=recent Form 4 filings found, but no actionable transactions parsed; SAM=SAM_API_KEY not set; Congress=HOUSE_PTR_CSV not set",,,,,,
,ADPT,13.17,,,,,,,,,,,,,2027937280,116831970.0,2.04,0.5,0.0,0.0,0.0,0.0,0.0,3,,,,,,,2026-03-15,51396359.91,2.82,0.0,0.0,7.03,"unusual volume, multi-day volume expansion",2026-03-15T21:04:16Z,4.0,10.0,"buy, form4, insider, open_market_sale, option_exercise, parsed, sell, unparsed","meaningful insider filing activity, latest event 2 day(s) ago, insider selling detected for adpt",0.0,No Baseline,,0.0,2026-03-15T22:26:12Z,4.0,10.0,0.0,Baseline Building,,1.0,"buy, form4, insider, open_market_sale, option_exercise, parsed, sell, unparsed","meaningful insider filing activity, latest event 2 day(s) ago, insider selling detected for adpt",,,,,,
,ENGN,7.16,,,,,,,,,,,,,479644544,26439402.0,1.59,2.0,1.0,0.0,0.0,0.0,0.0,3,,,,,,,2026-03-15,5665464.44,0.0,0.0,0.0,6.31,"elevated news flow, short squeeze potential",2026-03-15T21:05:39Z,2.08,5.2,"buy, form4, insider, parsed","recent insider filings, latest event 40 day(s) ago, insider accumulation detected for engn",0.0,No Baseline,,0.0,2026-03-15T22:27:18Z,2.08,5.2,0.0,Baseline Building,,1.0,"buy, form4, insider, parsed","recent insider filings, latest event 40 day(s) ago, insider accumulation detected for engn",,,,,,
,BSBR,5.72,,,,,,,,,,,,,43529801728,3735623127.0,2.28,0.0,0.0,0.0,0.0,0.0,0.0,3,,,,,,,2026-03-15,12848486.61,1.31,0.0,0.0,5.1,unusual volume,2026-03-15T21:05:10Z,0.0,0.0,,no event-intel signals; SEC=no recent Form 4 filings; SAM=SAM_API_KEY not set; Congress=HOUSE_PTR_CSV not set,0.0,No Baseline,,0.0,2026-03-15T22:26:52Z,0.0,0.0,0.0,Baseline Building,,1.0,,no event-intel signals; SEC=no recent Form 4 filings; SAM=SAM_API_KEY not set; Congress=HOUSE_PTR_CSV not set,,,,,,
,BLND,1.56,,,,,,,,,,,,,405205152,219316192.0,1.79,0.0,0.0,0.0,0.0,0.0,0.0,3,,,,,,,2026-03-15,9786470.88,0.7,0.0,0.0,3.78,mixed setup,2026-03-15T21:05:07Z,2.99,7.47,"buy, form4, insider, open_market_sale, option_exercise, parsed, sell, tax_withholding","meaningful insider filing activity, latest event 17 day(s) ago, insider selling detected for blnd",0.0,No Baseline,,0.0,2026-03-15T22:26:50Z,2.99,7.47,0.0,Baseline Building,,1.0,"buy, form4, insider, open_market_sale, option_exercise, parsed, sell, tax_withholding","meaningful insider filing activity, latest event 17 day(s) ago, insider selling detected for blnd",,,,,,
,FTK,17.68,,,,,,,,,,,,,531422336,14029568.0,1.89,2.0,2.0,0.0,1.0,2.0,0.0,4,,,,,,,2026-03-15,9768642.17,3.0,0.0,0.0,15.47,"multi-day volume expansion, trend improving, elevated news flow, short squeeze potential",2026-03-15T22:27:21Z,2.94,7.36,"buy, form4, insider, open_market_sale, parsed, sell, tax_withholding","meaningful insider filing activity, latest event 13 day(s) ago, insider selling detected for ftk",0.0,Baseline Building,,1.0,2026-03-15T22:54:43Z,2.94,7.36,0.0,Baseline Building,,2.0,"buy, form4, insider, open_market_sale, parsed, sell, tax_withholding","meaningful insider filing activity, latest event 13 day(s) ago, insider selling detected for ftk",,,,,,
,AVO,12.15,,,,,,,,,,,,,860783360,40103025.0,5.09,2.0,1.0,0.0,0.0,1.0,0.0,4,,,,,,,2026-03-15,33012666.76,3.0,0.0,0.0,15.2,"unusual volume, multi-day volume expansion, elevated news flow, short squeeze potential",2026-03-15T22:26:38Z,3.08,7.7,"buy, form4, insider, open_market_buy, parsed","meaningful insider filing activity, latest event 6 day(s) ago, insider accumulation detected for avo",0.0,Baseline Building,,1.0,2026-03-15T22:53:59Z,3.08,7.7,0.0,Baseline Building,,2.0,"buy, form4, insider, open_market_buy, parsed","meaningful insider filing activity, latest event 6 day(s) ago, insider accumulation detected for avo",,,,,,
,ABX,9.8,,,,,,,,,,,,,957977984,43884579.0,1.8,1.0,3.0,0.0,0.0,3.0,0.0,4,,,,,,,2026-03-15,11379662.22,3.0,0.0,0.0,14.16,"multi-day volume expansion, trend improving, elevated news flow, short squeeze potential",2026-03-15T22:25:38Z,2.47,6.17,"buy, form4, insider, open_market_buy, open_market_sale, parsed, sell","meaningful insider filing activity, latest event 25 day(s) ago, insider selling detected for abx",0.0,Baseline Building,,1.0,2026-03-15T22:53:00Z,2.47,6.17,0.0,Baseline Building,,2.0,"buy, form4, insider, open_market_buy, open_market_sale, parsed, sell","meaningful insider filing activity, latest event 25 day(s) ago, insider selling detected for abx",,,,,,
,BGC,9.57,,,,,,,,,,,,,4538687488,361918846.0,2.09,2.0,0.0,1.0,1.0,3.0,0.0,4,,,,,,,2026-03-15,47748948.85,3.0,0.0,0.0,13.51,"unusual volume, multi-day volume expansion, trend improving, elevated news flow",2026-03-15T22:26:42Z,3.18,7.96,"form4, insider, open_market_sale, parsed, sell","meaningful insider filing activity, latest event 6 day(s) ago, insider selling detected for bgc",0.0,Baseline Building,,1.0,2026-03-15T22:54:03Z,3.18,7.96,0.0,Baseline Building,,2.0,"form4, insider, open_market_sale, parsed, sell","meaningful insider filing activity, latest event 6 day(s) ago, insider selling detected for bgc",,,,,,
,ACDC,6.35,,,,,,,,,,,,,1148531968,32661624.0,1.93,2.0,1.0,0.0,0.0,3.0,0.0,4,,,,,,,2026-03-15,17500085.39,3.0,0.0,0.0,13.11,"multi-day volume expansion, trend improving, elevated news flow, short squeeze potential",2026-03-15T22:25:44Z,3.38,8.45,"buy, form4, insider, parsed","meaningful insider filing activity, latest event 4 day(s) ago, insider accumulation detected for acdc",0.0,Baseline Building,,1.0,2026-03-15T22:53:06Z,3.38,8.45,0.0,Baseline Building,,2.0,"buy, form4, insider, parsed","meaningful insider filing activity, latest event 4 day(s) ago, insider accumulation detected for acdc",,,,,,
,ALH,19.75,,,,,,,,,,,,,4005831936,45442270.0,2.8,2.0,1.5,0.0,0.0,1.0,0.0,4,,,,,,,2026-03-15,35095513.0,3.0,0.0,0.0,13.06,"unusual volume, multi-day volume expansion, elevated news flow, short squeeze potential",2026-03-15T22:26:14Z,1.9,4.75,"form4, insider, option_exercise, parsed, sell, tax_withholding","recent insider filings, latest event 53 day(s) ago, insider selling detected for alh",0.0,Baseline Building,,1.0,2026-03-15T22:53:36Z,1.9,4.75,0.0,Baseline Building,,2.0,"form4, insider, option_exercise, parsed, sell, tax_withholding","recent insider filings, latest event 53 day(s) ago, insider selling detected for alh",,,,,,
,BMBL,3.77,,,,,,,,,,,,,599236544,68367169.0,2.0,2.0,1.5,0.0,0.0,2.0,0.0,4,,,,,,,2026-03-15,37845623.6,3.0,0.0,0.0,11.9,"multi-day volume expansion, trend improving, elevated news flow, short squeeze potential",2026-03-15T22:26:52Z,3.18,7.96,"form4, insider, parsed, sell, tax_withholding","meaningful insider filing activity, latest event 3 day(s) ago, insider selling detected for bmbl",0.0,Baseline Building,,1.0,2026-03-15T22:54:13Z,3.18,7.96,0.0,Baseline Building,,2.0,"form4, insider, parsed, sell, tax_withholding","meaningful insider filing activity, latest event 3 day(s) ago, insider selling detected for bmbl",,,,,,
,FWRD,15.8,,,,,,,,,,,,,493722112,22694444.0,1.67,2.0,2.0,0.0,0.0,0.0,0.0,4,,,,,,,2026-03-15,22124171.47,3.0,0.0,0.0,11.4,"multi-day volume expansion, elevated news flow, short squeeze potential",2026-03-15T22:27:34Z,2.6,6.5,"buy, form4, insider, open_market_buy, open_market_sale, parsed, sell, tax_withholding","meaningful insider filing activity, latest event 20 day(s) ago, insider accumulation detected for fwrd",0.0,Baseline Building,,1.0,2026-03-15T22:54:56Z,2.6,6.5,0.0,Baseline Building,,2.0,"buy, form4, insider, open_market_buy, open_market_sale, parsed, sell, tax_withholding","meaningful insider filing activity, latest event 20 day(s) ago, insider accumulation detected for fwrd",,,,,,
,BW,10.51,,,,,,,,,,,,,1370998016,93418315.0,2.49,2.0,0.0,0.0,0.0,2.0,0.0,4,,,,,,,2026-03-15,112195955.06,3.0,0.0,0.0,10.99,"unusual volume, multi-day volume expansion, trend improving, elevated news flow",2026-03-15T22:26:57Z,3.77,9.43,"form4, insider, open_market_sale, option_exercise, parsed, sell, tax_withholding","meaningful insider filing activity, latest event 6 day(s) ago, insider selling detected for bw",0.0,Baseline Building,,1.0,2026-03-15T22:54:18Z,3.77,9.43,0.0,Baseline Building,,2.0,"form4, insider, open_market_sale, option_exercise, parsed, sell, tax_withholding","meaningful insider filing activity, latest event 6 day(s) ago, insider selling detected for bw",,,,,,
,GDOT,10.53,,,,,,,,,,,,,584926912,46908976.0,2.84,2.0,0.0,0.0,0.0,0.0,0.0,4,,,,,,,2026-03-15,14892557.56,3.0,0.0,0.0,10.81,"unusual volume, multi-day volume expansion, elevated news flow",2026-03-15T22:27:41Z,3.77,9.43,"form4, insider, parsed, sell, tax_withholding","meaningful insider filing activity, latest event 6 day(s) ago, insider selling detected for gdot",0.0,Baseline Building,,1.0,2026-03-15T22:55:03Z,3.77,9.43,0.0,Baseline Building,,2.0,"form4, insider, parsed, sell, tax_withholding","meaningful insider filing activity, latest event 6 day(s) ago, insider selling detected for gdot",,,,,,
,EH,11.85,,,,,,,,,,,,,853020544,106927501.0,2.23,2.0,1.5,0.0,0.0,0.0,0.0,4,,,,,,,2026-03-15,13404507.13,3.0,0.0,0.0,10.58,"unusual volume, multi-day volume expansion, elevated news flow, short squeeze potential",2026-03-15T22:27:10Z,0.0,0.0,,no event-intel signals; SEC=no recent Form 4 filings; SAM=SAM_API_KEY not set; Congress=HOUSE_PTR_CSV not set,0.0,Baseline Building,,1.0,2026-03-15T22:54:32Z,0.0,0.0,0.0,Baseline Building,,2.0,,no event-intel signals; SEC=no recent Form 4 filings; SAM=SAM_API_KEY not set; Congress=HOUSE_PTR_CSV not set,,,,,,
,CERS,1.69,,,,,,,,,,,,,324770304,171815020.0,2.37,2.0,1.0,0.0,0.0,0.0,0.0,4,,,,,,,2026-03-15,8043210.51,3.0,0.0,0.0,10.24,"unusual volume, multi-day volume expansion, elevated news flow, short squeeze potential",2026-03-15T22:27:07Z,3.77,9.43,"buy, form4, insider, open_market_sale, parsed, sell","meaningful insider filing activity, latest event 5 day(s) ago, insider selling detected for cers",0.0,Baseline Building,,1.0,2026-03-15T22:54:29Z,3.77,9.43,0.0,Baseline Building,,2.0,"buy, form4, insider, open_market_sale, parsed, sell","meaningful insider filing activity, latest event 5 day(s) ago, insider selling detected for cers",,,,,,
,GAU,2.56,,,,,,,,,,,,,665063488,244836899.0,2.5,2.0,0.0,0.0,0.0,1.0,0.0,4,,,,,,,2026-03-15,25473113.03,3.0,0.0,0.0,10.21,"unusual volume, multi-day volume expansion, elevated news flow",2026-03-15T22:27:35Z,0.0,0.0,,no event-intel signals; SEC=no recent Form 4 filings; SAM=SAM_API_KEY not set; Congress=HOUSE_PTR_CSV not set,0.0,Baseline Building,,1.0,2026-03-15T22:54:57Z,0.0,0.0,0.0,Baseline Building,,2.0,,no event-intel signals; SEC=no recent Form 4 filings; SAM=SAM_API_KEY not set; Congress=HOUSE_PTR_CSV not set,,,,,,
,ANGX,3.7,,,,,,,,,,,,,623942400,87255564.0,2.26,2.0,1.0,0.0,0.0,0.0,0.0,4,,,,,,,2026-03-15,6049407.58,3.0,0.0,0.0,10.12,"unusual volume, multi-day volume expansion, elevated news flow, short squeeze potential",2026-03-15T22:26:28Z,2.81,7.03,"administrative, form4, insider, option_exercise, parsed, sell, tax_withholding","meaningful insider filing activity, latest event 6 day(s) ago, insider selling detected for angx",0.0,Baseline Building,,1.0,2026-03-15T22:53:49Z,2.81,7.03,0.0,Baseline Building,,2.0,"administrative, form4, insider, option_exercise, parsed, sell, tax_withholding","meaningful insider filing activity, latest event 6 day(s) ago, insider selling detected for angx",,,,,,
,CION,6.55,,,,,,,,,,,,,341168576,,2.94,2.0,0.0,0.0,0.0,0.0,0.0,4,,,,,,,2026-03-15,11726321.24,3.0,0.0,0.0,9.93,"unusual volume, multi-day volume expansion, elevated news flow",2026-03-15T22:27:09Z,0.0,0.0,,"no event-intel signals; SEC=recent Form 4 filings found, but no actionable transactions parsed; SAM=SAM_API_KEY not set; Congress=HOUSE_PTR_CSV not set",0.0,Baseline Building,,1.0,2026-03-15T22:54:30Z,0.0,0.0,0.0,Baseline Building,,2.0,,"no event-intel signals; SEC=recent Form 4 filings found, but no actionable transactions parsed; SAM=SAM_API_KEY not set; Congress=HOUSE_PTR_CSV not set",,,,,,
,AERO,13.43,,,,,,,,,,,,,1959482752,198606000.0,2.92,2.0,0.0,0.0,0.0,0.0,0.0,4,,,,,,,2026-03-15,24254285.09,3.0,0.0,0.0,9.91,"unusual volume, multi-day volume expansion, elevated news flow",2026-03-15T22:26:12Z,0.0,0.0,,no event-intel signals; SEC=no recent Form 4 filings; SAM=SAM_API_KEY not set; Congress=HOUSE_PTR_CSV not set,0.0,Baseline Building,,1.0,2026-03-15T22:53:34Z,0.0,0.0,0.0,Baseline Building,,2.0,,no event-intel signals; SEC=no recent Form 4 filings; SAM=SAM_API_KEY not set; Congress=HOUSE_PTR_CSV not set,,,,,,
,ASTL,3.46,,,,,,,,,,,,,363070944,71139871.0,1.75,2.0,0.0,0.0,0.0,1.0,0.0,4,,,,,,,2026-03-15,9555963.05,3.0,0.0,0.0,9.3,"multi-day volume expansion, elevated news flow",2026-03-15T22:26:28Z,0.0,0.0,,no event-intel signals; SEC=no recent Form 4 filings; SAM=SAM_API_KEY not set; Congress=HOUSE_PTR_CSV not set,0.0,Baseline Building,,1.0,2026-03-15T22:53:50Z,0.0,0.0,0.0,Baseline Building,,2.0,,no event-intel signals; SEC=no recent Form 4 filings; SAM=SAM_API_KEY not set; Congress=HOUSE_PTR_CSV not set,,,,,,
,AUR,4.08,,,,,,,,,,,,,7951157760,1247259963.0,1.84,2.0,1.0,0.0,0.0,1.0,0.0,4,,,,,,,2026-03-15,139497857.55,1.88,0.0,0.0,9.07,"multi-day volume expansion, elevated news flow, short squeeze potential",2026-03-15T22:26:32Z,3.57,8.93,"buy, form4, insider, parsed, sell, tax_withholding","meaningful insider filing activity, latest event 2 day(s) ago, insider accumulation detected for aur",0.0,Baseline Building,,1.0,2026-03-15T22:53:54Z,3.57,8.93,0.0,Baseline Building,,2.0,"buy, form4, insider, parsed, sell, tax_withholding","meaningful insider filing activity, latest event 2 day(s) ago, insider accumulation detected for aur",,,,,,
,CIG,2.2,,,,,,,,,,,,,6963773952,2373107263.0,1.79,2.0,0.0,1.0,0.0,2.0,0.0,4,,,,,,,2026-03-15,22990152.3,1.05,0.0,0.0,8.8,"trend improving, elevated news flow",2026-03-15T22:27:08Z,0.0,0.0,,no event-intel signals; SEC=no recent Form 4 filings; SAM=SAM_API_KEY not set; Congress=HOUSE_PTR_CSV not set,0.0,Baseline Building,,1.0,2026-03-15T22:54:30Z,0.0,0.0,0.0,Baseline Building,,2.0,,no event-intel signals; SEC=no recent Form 4 filings; SAM=SAM_API_KEY not set; Congress=HOUSE_PTR_CSV not set,,,,,,
,ADPT,13.17,,,,,,,,,,,,,2027937280,116831970.0,2.04,2.0,0.0,0.0,0.0,0.0,0.0,4,,,,,,,2026-03-15,51396359.91,2.82,0.0,0.0,8.63,"unusual volume, multi-day volume expansion, elevated news flow",2026-03-15T22:26:12Z,4.0,10.0,"buy, form4, insider, open_market_sale, option_exercise, parsed, sell, unparsed","meaningful insider filing activity, latest event 2 day(s) ago, insider selling detected for adpt",0.0,Baseline Building,,1.0,2026-03-15T22:53:33Z,4.0,10.0,0.0,Baseline Building,,2.0,"buy, form4, insider, open_market_sale, option_exercise, parsed, sell, unparsed","meaningful insider filing activity, latest event 2 day(s) ago, insider selling detected for adpt",,,,,,
,AXIA,10.94,,,,,,,,,,,,,24602419200,1527753972.0,1.63,0.5,0.0,1.0,0.0,2.0,0.0,4,,,,,,,2026-03-15,42400987.81,2.05,0.0,0.0,8.61,"multi-day volume expansion, trend improving",2026-03-15T22:26:38Z,0.0,0.0,,no event-intel signals; SEC=no recent Form 4 filings; SAM=SAM_API_KEY not set; Congress=HOUSE_PTR_CSV not set,0.0,Baseline Building,,1.0,2026-03-15T22:54:00Z,0.0,0.0,0.0,Baseline Building,,2.0,,no event-intel signals; SEC=no recent Form 4 filings; SAM=SAM_API_KEY not set; Congress=HOUSE_PTR_CSV not set,,,,,,
,ALOY,11.98,,,,,,,,,,,,,684477312,53935198.0,2.46,0.5,0.0,0.0,0.0,1.0,0.0,4,,,,,,,2026-03-15,32151739.1,2.2,0.0,0.0,8.0,"unusual volume, multi-day volume expansion",2026-03-15T22:26:20Z,0.78,1.95,"form4, insider, unparsed","recent insider filings, latest event 10 day(s) ago, recent form 4 filing for aloy",0.0,Baseline Building,,1.0,2026-03-15T22:53:42Z,0.78,1.95,0.0,Baseline Building,,2.0,"form4, insider, unparsed","recent insider filings, latest event 10 day(s) ago, recent form 4 filing for aloy",,,,,,
,EGY,5.39,,,,,,,,,,,,,561952000,101526440.0,1.6,2.0,0.0,0.0,0.0,3.0,0.0,4,,,,,,,2026-03-15,12182402.24,0.44,0.0,0.0,7.64,"trend improving, elevated news flow",2026-03-15T22:27:09Z,0.0,0.0,,"no event-intel signals; SEC=recent Form 4 filings found, but no actionable transactions parsed; SAM=SAM_API_KEY not set; Congress=HOUSE_PTR_CSV not set",0.0,Baseline Building,,1.0,2026-03-15T22:54:31Z,0.0,0.0,0.0,Baseline Building,,2.0,,"no event-intel signals; SEC=recent Form 4 filings found, but no actionable transactions parsed; SAM=SAM_API_KEY not set; Congress=HOUSE_PTR_CSV not set",,,,,,
,ABTC,1.04,,,,,,,,,,,,,964709184,191049525.0,1.53,2.0,0.0,0.0,0.0,0.0,0.0,4,,,,,,,2026-03-15,25198506.44,2.11,0.0,0.0,7.17,"multi-day volume expansion, elevated news flow",2026-03-15T22:25:33Z,3.2,8.0,"buy, form4, insider, open_market_buy, parsed","meaningful insider filing activity, latest event 6 day(s) ago, insider accumulation detected for abtc",0.0,Baseline Building,,1.0,2026-03-15T22:52:54Z,3.2,8.0,0.0,Baseline Building,,2.0,"buy, form4, insider, open_market_buy, parsed","meaningful insider filing activity, latest event 6 day(s) ago, insider accumulation detected for abtc",,,,,,
,BSBR,5.72,,,,,,,,,,,,,43529801728,3735623127.0,2.28,2.0,0.0,0.0,0.0,0.0,0.0,4,,,,,,,2026-03-15,12848486.61,1.31,0.0,0.0,7.1,"unusual volume, elevated news flow",2026-03-15T22:26:52Z,0.0,0.0,,no event-intel signals; SEC=no recent Form 4 filings; SAM=SAM_API_KEY not set; Congress=HOUSE_PTR_CSV not set,0.0,Baseline Building,,1.0,2026-03-15T22:54:14Z,0.0,0.0,0.0,Baseline Building,,2.0,,no event-intel signals; SEC=no recent Form 4 filings; SAM=SAM_API_KEY not set; Congress=HOUSE_PTR_CSV not set,,,,,,
,ENGN,7.16,,,,,,,,,,,,,479644544,26439402.0,1.59,2.0,1.0,0.0,0.0,0.0,0.0,4,,,,,,,2026-03-15,5665464.44,0.0,0.0,0.0,6.71,"elevated news flow, short squeeze potential",2026-03-15T22:27:18Z,2.08,5.2,"buy, form4, insider, parsed","recent insider filings, latest event 40 day(s) ago, insider accumulation detected for engn",0.0,Baseline Building,,1.0,2026-03-15T22:54:39Z,2.08,5.2,0.0,Baseline Building,,2.0,"buy, form4, insider, parsed","recent insider filings, latest event 40 day(s) ago, insider accumulation detected for engn",,,,,,
,BLND,1.56,,,,,,,,,,,,,405205152,219316192.0,1.79,2.0,0.0,0.0,0.0,0.0,0.0,4,,,,,,,2026-03-15,9786470.88,0.7,0.0,0.0,5.78,elevated news flow,2026-03-15T22:26:50Z,2.99,7.47,"buy, form4, insider, open_market_sale, option_exercise, parsed, sell, tax_withholding","meaningful insider filing activity, latest event 17 day(s) ago, insider selling detected for blnd",0.0,Baseline Building,,1.0,2026-03-15T22:54:11Z,2.99,7.47,0.0,Baseline Building,,2.0,"buy, form4, insider, open_market_sale, option_exercise, parsed, sell, tax_withholding","meaningful insider filing activity, latest event 17 day(s) ago, insider selling detected for blnd",,,,,,
,BCRX,9.15,,,,,,,,,,,,,2294825728,218183999.0,2.67,1.0,2.0,0.0,3.0,3.0,0.0,1,,,,,,,2026-03-16,120587552.17,3.0,0.0,0.0,15.61,"unusual volume, multi-day volume expansion, near breakout, trend improving, elevated news flow, short squeeze potential",,,,,,,,,,2026-03-16T17:32:25Z,2.9,7.24,0.0,No Baseline,,0.0,"buy, form4, insider, option_exercise, parsed, sell","meaningful insider filing activity, latest event 13 day(s) ago, insider selling detected for bcrx",,,,,,
,DSGN,10.71,,,,,,,,,,,,,610081856,29203674.0,2.93,1.0,1.0,1.0,1.0,3.0,0.0,1,,,,,,,2026-03-16,6499791.92,3.0,0.0,0.0,14.52,"unusual volume, multi-day volume expansion, trend improving, elevated news flow, short squeeze potential",,,,,,,,,,2026-03-16T17:32:34Z,0.0,0.0,0.0,No Baseline,,0.0,,"no event-intel signals; SEC=recent Form 4 filings found, but no actionable transactions parsed; SAM=SAM_API_KEY not set; Congress=HOUSE_PTR_CSV not set",,,,,,
,CTMX,7.85,,,,,,,,,,,,,1330067840,122806774.0,34.96,0.0,1.0,0.0,0.0,3.0,2.0,1,,,,,,,2026-03-16,762911731.38,3.0,0.0,0.0,14.2,"unusual volume, multi-day volume expansion, trend improving, short squeeze potential, gap strength",,,,,,,,,,2026-03-16T17:32:34Z,2.08,5.2,0.0,No Baseline,,0.0,"buy, form4, insider, parsed","recent insider filings, latest event 40 day(s) ago, insider accumulation detected for ctmx",,,,,,
,MVST,2.38,,,,,,,,,,,,,779434240,199560478.0,3.31,0.0,1.5,0.0,2.0,1.0,2.0,1,,,,,,,2026-03-16,19156106.38,3.0,0.0,0.0,13.48,"unusual volume, multi-day volume expansion, near breakout, short squeeze potential, gap strength",,,,,,,,,,2026-03-16T17:33:03Z,3.29,8.22,0.0,No Baseline,,0.0,"buy, form4, insider, open_market_sale, parsed, sell","meaningful insider filing activity, latest event 3 day(s) ago, insider accumulation detected for mvst",,,,,,
,GSIT,9.71,,,,,,,,,,,,,351368032,30784688.0,2.32,2.0,0.0,0.0,0.0,3.0,0.0,1,,,,,,,2026-03-16,15988359.83,3.0,0.0,0.0,11.38,"unusual volume, multi-day volume expansion, trend improving, elevated news flow",,,,,,,,,,2026-03-16T17:32:47Z,3.64,9.09,0.0,No Baseline,,0.0,"buy, form4, insider, open_market_sale, option_exercise, parsed, sell, unparsed","meaningful insider filing activity, latest event 6 day(s) ago, insider selling detected for gsit",,,,,,
,LAES,3.24,,,,,,,,,,,,,579620736,121649573.0,4.22,3.0,0.0,0.0,0.0,0.0,0.0,1,,,,,,,2026-03-16,64225294.44,3.0,0.0,0.0,11.06,"unusual volume, multi-day volume expansion, elevated news flow",,,,,,,,,,2026-03-16T17:32:49Z,0.0,0.0,0.0,No Baseline,,0.0,,no event-intel signals; SEC=no recent Form 4 filings; SAM=SAM_API_KEY not set; Congress=HOUSE_PTR_CSV not set,,,,,,
,NBP,2.83,,,,,,,,,,,,,325697184,148834266.0,2.29,2.5,1.5,0.0,0.0,0.0,1.0,1,,,,,,,2026-03-16,4586723.75,3.0,0.0,0.0,10.45,"unusual volume, multi-day volume expansion, elevated news flow, short squeeze potential, gap strength",,,,,,,,,,2026-03-16T17:33:04Z,0.0,0.0,0.0,No Baseline,,0.0,,no event-intel signals; SEC=no recent Form 4 filings; SAM=SAM_API_KEY not set; Congress=HOUSE_PTR_CSV not set,,,,,,
,NEXN,7.11,,,,,,,,,,,,,396174752,39539465.0,2.07,0.5,1.0,0.0,0.0,3.0,0.0,1,,,,,,,2026-03-16,5382220.33,2.5,0.0,0.0,10.29,"unusual volume, multi-day volume expansion, trend improving, short squeeze potential",,,,,,,,,,2026-03-16T17:33:04Z,0.0,0.0,0.0,No Baseline,,0.0,,no event-intel signals; SEC=no recent Form 4 filings; SAM=SAM_API_KEY not set; Congress=HOUSE_PTR_CSV not set,,,,,,
,BRCB,16.55,,,,,,,,,,,,,289268352,16568349.0,1.63,0.5,0.0,0.0,1.0,1.0,0.0,1,,,,,,,2026-03-16,17899337.22,3.0,0.0,0.0,9.95,multi-day volume expansion,,,,,,,,,,2026-03-16T17:32:27Z,1.5,3.75,0.0,No Baseline,,0.0,"administrative, form4, insider, parsed","recent insider filings, latest event 4 day(s) ago, recent insider filing activity for brcb",,,,,,
,JFR,7.26,,,,,,,,,,,,,1169428352,,1.64,1.5,0.0,3.0,0.0,0.0,0.0,1,,,,,,,2026-03-16,10296103.11,2.93,0.0,0.0,9.68,"multi-day volume expansion, tight consolidation, elevated news flow",,,,,,,,,,2026-03-16T17:32:48Z,0.0,0.0,0.0,No Baseline,,0.0,,"no event-intel signals; SEC=recent Form 4 filings found, but no actionable transactions parsed; SAM=SAM_API_KEY not set; Congress=HOUSE_PTR_CSV not set",,,,,,
,RLX,2.32,,,,,,,,,,,,,2943758336,447919847.0,2.1,1.0,0.0,2.0,1.0,0.0,0.0,1,,,,,,,2026-03-16,10761766.23,2.06,0.0,0.0,8.99,"unusual volume, multi-day volume expansion, tight consolidation, elevated news flow",,,,,,,,,,2026-03-16T17:33:05Z,0.0,0.0,0.0,No Baseline,,0.0,,no event-intel signals; SEC=no recent Form 4 filings; SAM=SAM_API_KEY not set; Congress=HOUSE_PTR_CSV not set,,,,,,
,KYIV,10.5,,,,,,,,,,,,,2424068096,,1.96,3.0,0.0,0.0,0.0,0.0,0.0,1,,,,,,,2026-03-16,16670598.0,3.0,0.0,0.0,8.35,"multi-day volume expansion, elevated news flow",,,,,,,,,,2026-03-16T17:32:49Z,0.0,0.0,0.0,No Baseline,,0.0,,no event-intel signals; SEC=no recent Form 4 filings; SAM=SAM_API_KEY not set; Congress=HOUSE_PTR_CSV not set,,,,,,
,MRVI,3.13,,,,,,,,,,,,,1152900352,98208463.0,2.13,0.0,1.0,0.0,0.0,0.0,0.0,1,,,,,,,2026-03-16,9128891.12,3.0,0.0,0.0,7.16,"unusual volume, multi-day volume expansion, short squeeze potential",,,,,,,,,,2026-03-16T17:32:52Z,2.18,5.46,0.0,No Baseline,,0.0,"form4, insider, parsed, sell, tax_withholding","recent insider filings, latest event 55 day(s) ago, insider selling detected for mrvi",,,,,,
,SCZM,8.67,,,,,,,,,,,,,791970880,84744155.0,1.89,0.0,0.0,0.0,0.0,0.0,0.0,1,,,,,,,2026-03-16,8604264.14,3.0,0.0,0.0,5.87,multi-day volume expansion,,,,,,,,,,2026-03-16T17:33:06Z,0.0,0.0,0.0,No Baseline,,0.0,,no event-intel signals; SEC=no recent Form 4 filings; SAM=SAM_API_KEY not set; Congress=HOUSE_PTR_CSV not set,,,,,,
,DSGN,10.99,,,,,,,,,,,,,626031680,29203674.0,5.45,1.0,1.0,0.0,2.0,3.0,0.0,2,,,,,,,2026-03-16,12389224.56,3.0,0.0,0.0,17.6,"unusual volume, multi-day volume expansion, near breakout, trend improving, elevated news flow, short squeeze potential",2026-03-16T17:32:34Z,0.0,0.0,,"no event-intel signals; SEC=recent Form 4 filings found, but no actionable transactions parsed; SAM=SAM_API_KEY not set; Congress=HOUSE_PTR_CSV not set",0.0,No Baseline,,0.0,2026-03-17T00:53:19Z,0.0,0.0,0.0,Baseline Building,,1.0,,"no event-intel signals; SEC=recent Form 4 filings found, but no actionable transactions parsed; SAM=SAM_API_KEY not set; Congress=HOUSE_PTR_CSV not set",,,,,,
,ABX,9.92,,,,,,,,,,,,,969708352,43465209.0,1.51,2.5,3.0,0.0,1.0,3.0,0.0,6,,,,,,,2026-03-16,10172602.96,2.41,0.0,0.0,16.31,"multi-day volume expansion, trend improving, elevated news flow, short squeeze potential",,,,,,,,,,2026-03-17T00:51:41Z,3.9,9.75,3.36,Elevated vs Baseline,"event_intel_score, sec_insider_score, signal_count, days_since_latest_event",3.0,"buy, form4, insider, open_market_buy, open_market_sale, parsed, sell","meaningful insider filing activity, latest event 1 day(s) ago, insider accumulation detected for abx",,,,,,
,CTMX,6.75,,,,,,,,,,,,,1143688960,122806774.0,42.46,0.0,1.0,0.0,0.0,3.0,2.0,2,,,,,,,2026-03-16,796788866.25,3.0,0.0,0.0,14.6,"unusual volume, multi-day volume expansion, trend improving, short squeeze potential, gap strength",2026-03-16T17:32:34Z,2.08,5.2,"buy, form4, insider, parsed","recent insider filings, latest event 40 day(s) ago, insider accumulation detected for ctmx",0.0,No Baseline,,0.0,2026-03-17T00:53:18Z,2.08,5.2,0.0,Baseline Building,,1.0,"buy, form4, insider, parsed","recent insider filings, latest event 41 day(s) ago, insider accumulation detected for ctmx",,,,,,
,BCRX,9.3,,,,,,,,,,,,,2332445952,218183999.0,3.99,1.0,2.0,0.0,0.0,3.0,0.0,2,,,,,,,2026-03-16,183158593.36,3.0,0.0,0.0,13.99,"unusual volume, multi-day volume expansion, trend improving, elevated news flow, short squeeze potential",2026-03-16T17:32:25Z,2.9,7.24,"buy, form4, insider, option_exercise, parsed, sell","meaningful insider filing activity, latest event 13 day(s) ago, insider selling detected for bcrx",0.0,No Baseline,,0.0,2026-03-17T00:51:56Z,2.9,7.24,0.0,Baseline Building,,1.0,"buy, form4, insider, option_exercise, parsed, sell","meaningful insider filing activity, latest event 14 day(s) ago, insider selling detected for bcrx",,,,,,
,ERIC,11.97,,,,,,,,,,,,,40268341248,2908414070.0,1.84,3.0,1.0,1.0,3.0,3.0,0.0,1,,,,,,,2026-03-16,168806318.3,1.06,0.0,0.0,13.88,"near breakout, trend improving, elevated news flow, short squeeze potential",,,,,,,,,,2026-03-17T00:53:19Z,0.0,0.0,0.0,No Baseline,,0.0,,no event-intel signals; SEC=no recent Form 4 filings; SAM=SAM_API_KEY not set; Congress=HOUSE_PTR_CSV not set,,,,,,
,GPRK,9.15,,,,,,,,,,,,,472725472,22642244.0,1.56,0.5,0.0,1.0,3.0,3.0,0.0,1,,,,,,,2026-03-16,13756566.93,3.0,0.0,0.0,13.88,"multi-day volume expansion, near breakout, trend improving",,,,,,,,,,2026-03-17T00:53:20Z,0.0,0.0,0.0,No Baseline,,0.0,,"no event-intel signals; SEC=recent Form 4 filings found, but no actionable transactions parsed; SAM=SAM_API_KEY not set; Congress=HOUSE_PTR_CSV not set",,,,,,
,BW,11.74,,,,,,,,,,,,,1531447808,93418315.0,1.76,3.0,0.0,0.0,0.0,3.0,0.0,6,,,,,,,2026-03-16,96750453.41,3.0,0.0,0.0,12.52,"multi-day volume expansion, trend improving, elevated news flow",,,,,,,,,,2026-03-17T00:52:36Z,2.99,7.47,0.0,Within Baseline,,3.0,"form4, insider, open_market_sale, option_exercise, parsed, sell, tax_withholding","meaningful insider filing activity, latest event 8 day(s) ago, insider selling detected for bw",,,,,,
,AGRO,10.9,,,,,,,,,,,,,1541976576,19962240.0,1.73,3.0,0.0,0.0,3.0,3.0,0.0,1,,,,,,,2026-03-16,18593328.35,0.0,0.0,0.0,12.48,"near breakout, trend improving, elevated news flow",,,,,,,,,,2026-03-17T00:51:42Z,0.0,0.0,0.0,No Baseline,,0.0,,no event-intel signals; SEC=no recent Form 4 filings; SAM=SAM_API_KEY not set; Congress=HOUSE_PTR_CSV not set,,,,,,
,ALOY,11.25,,,,,,,,,,,,,642500608,53935198.0,1.71,3.0,0.0,0.0,0.0,1.0,1.0,6,,,,,,,2026-03-16,23408583.75,1.8,0.0,0.0,10.01,"multi-day volume expansion, elevated news flow, gap strength",,,,,,,,,,2026-03-17T00:51:48Z,0.78,1.95,0.0,Within Baseline,,3.0,"form4, insider, unparsed","recent insider filings, latest event 12 day(s) ago, recent form 4 filing for aloy",,,,,,
,CGAU,18.28,,,,,,,,,,,,,3659364608,199491208.0,1.89,3.0,0.0,0.0,0.0,2.0,0.0,1,,,,,,,2026-03-16,57508004.72,3.0,0.0,0.0,9.87,"multi-day volume expansion, trend improving, elevated news flow",,,,,,,,,,2026-03-17T00:52:37Z,0.0,0.0,0.0,No Baseline,,0.0,,no event-intel signals; SEC=no recent Form 4 filings; SAM=SAM_API_KEY not set; Congress=HOUSE_PTR_CSV not set,,,,,,
,BRCB,16.2,,,,,,,,,,,,,283150944,16568349.0,2.2,0.5,0.0,0.0,0.0,1.0,0.0,2,,,,,,,2026-03-16,23710207.72,3.0,0.0,0.0,9.84,"unusual volume, multi-day volume expansion",2026-03-16T17:32:27Z,1.5,3.75,"administrative, form4, insider, parsed","recent insider filings, latest event 4 day(s) ago, recent insider filing activity for brcb",0.0,No Baseline,,0.0,2026-03-17T00:52:31Z,1.5,3.75,0.0,Baseline Building,,1.0,"administrative, form4, insider, parsed","recent insider filings, latest event 5 day(s) ago, recent insider filing activity for brcb",,,,,,
,HNRG,15.97,,,,,,,,,,,,,750900672,35935825.0,3.18,0.5,1.0,0.0,0.0,0.0,0.0,1,,,,,,,2026-03-16,28911481.62,3.0,0.0,0.0,9.82,"unusual volume, multi-day volume expansion, short squeeze potential",,,,,,,,,,2026-03-17T00:53:43Z,3.08,7.7,0.0,No Baseline,,0.0,"buy, form4, insider, parsed","meaningful insider filing activity, latest event 6 day(s) ago, insider accumulation detected for hnrg",,,,,,
,ARIS,19.0,,,,,,,,,,,,,3886243584,187913122.0,2.34,3.0,0.0,0.0,0.0,1.0,0.0,1,,,,,,,2026-03-16,62806761.0,3.0,0.0,0.0,9.61,"unusual volume, multi-day volume expansion, elevated news flow",,,,,,,,,,2026-03-17T00:51:49Z,0.0,0.0,0.0,No Baseline,,0.0,,no event-intel signals; SEC=no recent Form 4 filings; SAM=SAM_API_KEY not set; Congress=HOUSE_PTR_CSV not set,,,,,,
,BMBL,3.87,,,,,,,,,,,,,615131392,68367169.0,1.53,1.0,1.5,0.0,0.0,2.0,0.0,6,,,,,,,2026-03-16,31909592.57,1.47,0.0,0.0,9.5,"trend improving, elevated news flow, short squeeze potential",,,,,,,,,,2026-03-17T00:52:13Z,3.18,7.96,0.0,Within Baseline,,3.0,"form4, insider, parsed, sell, tax_withholding","meaningful insider filing activity, latest event 5 day(s) ago, insider selling detected for bmbl",,,,,,
,FINV,5.49,,,,,,,,,,,,,1426549248,603949278.0,2.41,0.0,0.0,1.0,0.0,2.0,0.0,1,,,,,,,2026-03-16,12346619.7,3.0,0.0,0.0,9.09,"unusual volume, multi-day volume expansion, trend improving",,,,,,,,,,2026-03-17T00:53:20Z,0.0,0.0,0.0,No Baseline,,0.0,,no event-intel signals; SEC=no recent Form 4 filings; SAM=SAM_API_KEY not set; Congress=HOUSE_PTR_CSV not set,,,,,,
,CION,6.69,,,,,,,,,,,,,348460736,,1.93,1.0,0.0,0.0,0.0,0.0,0.0,6,,,,,,,2026-03-16,8760060.01,3.0,0.0,0.0,8.72,"multi-day volume expansion, elevated news flow",,,,,,,,,,2026-03-17T00:52:38Z,0.0,0.0,0.0,Within Baseline,,3.0,,"no event-intel signals; SEC=recent Form 4 filings found, but no actionable transactions parsed; SAM=SAM_API_KEY not set; Congress=HOUSE_PTR_CSV not set",,,,,,
,GRNT,5.28,,,,,,,,,,,,,693006784,63509386.0,1.53,1.0,1.0,0.0,2.0,3.0,0.0,1,,,,,,,2026-03-16,6298966.33,0.15,0.0,0.0,8.61,"near breakout, trend improving, elevated news flow, short squeeze potential",,,,,,,,,,2026-03-17T00:53:35Z,3.84,9.6,0.0,No Baseline,,0.0,"buy, form4, insider, open_market_buy, parsed, sell, tax_withholding","meaningful insider filing activity, latest event 1 day(s) ago, insider accumulation detected for grnt",,,,,,
,ALM,19.29,,,,,,,,,,,,,4947670528,167120051.0,1.72,3.0,0.0,0.0,0.0,3.0,1.0,1,,,,,,,2026-03-16,162193375.52,0.75,0.0,0.0,8.37,"trend improving, elevated news flow, gap strength",,,,,,,,,,2026-03-17T00:51:42Z,0.0,0.0,0.0,No Baseline,,0.0,,no event-intel signals; SEC=no recent Form 4 filings; SAM=SAM_API_KEY not set; Congress=HOUSE_PTR_CSV not set,,,,,,
,HIMX,9.56,,,,,,,,,,,,,1672172288,247496277.0,1.63,1.0,0.0,0.0,0.0,2.0,0.0,1,,,,,,,2026-03-16,59232653.64,3.0,0.0,0.0,7.96,"multi-day volume expansion, trend improving, elevated news flow",,,,,,,,,,2026-03-17T00:53:39Z,0.0,0.0,0.0,No Baseline,,0.0,,no event-intel signals; SEC=no recent Form 4 filings; SAM=SAM_API_KEY not set; Congress=HOUSE_PTR_CSV not set,,,,,,
,BLDP,2.53,,,,,,,,,,,,,760868800,300648652.0,1.9,0.5,1.0,0.0,1.0,2.0,0.0,1,,,,,,,2026-03-16,15991854.05,1.0,0.0,0.0,7.68,"trend improving, short squeeze potential",,,,,,,,,,2026-03-17T00:52:02Z,0.0,0.0,0.0,No Baseline,,0.0,,no event-intel signals; SEC=no recent Form 4 filings; SAM=SAM_API_KEY not set; Congress=HOUSE_PTR_CSV not set,,,,,,
,CLOV,1.97,,,,,,,,,,,,,1033594560,408736802.0,1.62,1.0,1.0,0.0,0.0,0.0,0.0,1,,,,,,,2026-03-16,16892734.49,3.0,0.0,0.0,7.35,"multi-day volume expansion, elevated news flow, short squeeze potential",,,,,,,,,,2026-03-17T00:52:49Z,2.87,7.17,0.0,No Baseline,,0.0,"form4, insider, open_market_sale, parsed, sell, tax_withholding","meaningful insider filing activity, latest event 12 day(s) ago, insider selling detected for clov",,,,,,
,BRBR,18.68,,,,,,,,,,,,,2212186624,108374630.0,1.55,3.0,0.0,0.0,1.0,1.0,0.0,1,,,,,,,2026-03-16,93458115.01,0.56,0.0,0.0,6.93,elevated news flow,,,,,,,,,,2026-03-17T00:52:30Z,3.18,7.96,0.0,No Baseline,,0.0,"buy, form4, insider, open_market_buy, parsed, sell","meaningful insider filing activity, latest event 6 day(s) ago, insider accumulation detected for brbr",,,,,,
,CMCO,14.5,,,,,,,,,,,,,416720800,27761219.0,1.77,0.0,0.0,0.0,0.0,0.0,0.0,1,,,,,,,2026-03-16,12464707.5,3.0,0.0,0.0,6.72,multi-day volume expansion,,,,,,,,,,2026-03-17T00:53:13Z,2.92,7.3,0.0,No Baseline,,0.0,"buy, form4, insider, open_market_sale, parsed, sell, tax_withholding, unparsed","meaningful insider filing activity, latest event 14 day(s) ago, insider selling detected for cmco",,,,,,
,BGY,5.59,,,,,,,,,,,,,506534816,,1.64,0.0,0.0,1.0,0.0,0.0,0.0,1,,,,,,,2026-03-16,2874713.48,2.84,0.0,0.0,6.38,multi-day volume expansion,,,,,,,,,,2026-03-17T00:52:01Z,2.42,6.06,0.0,No Baseline,,0.0,"buy, form4, insider, option_exercise, parsed, sell","meaningful insider filing activity, latest event 42 day(s) ago, insider selling detected for bgy",,,,,,
,GRPN,10.29,,,,,,,,,,,,,419366944,29022811.0,1.64,0.0,3.0,0.0,0.0,0.0,0.0,1,,,,,,,2026-03-16,22815512.71,0.0,0.0,0.0,5.97,short squeeze potential,,,,,,,,,,2026-03-17T00:53:38Z,3.58,8.96,0.0,No Baseline,,0.0,"administrative, form4, insider, option_exercise, parsed, sell, tax_withholding","meaningful insider filing activity, latest event 1 day(s) ago, insider selling detected for grpn",,,,,,
,BBAR,12.87,,,,,,,,,,,,,2737519104,161363326.0,1.69,0.0,0.0,0.0,0.0,0.0,0.0,1,,,,,,,2026-03-16,15039701.69,2.51,0.0,0.0,5.04,multi-day volume expansion,,,,,,,,,,2026-03-17T00:51:50Z,0.0,0.0,0.0,No Baseline,,0.0,,no event-intel signals; SEC=no recent Form 4 filings; SAM=SAM_API_KEY not set; Congress=HOUSE_PTR_CSV not set,,,,,,
,BWLP,14.29,,,,,,,,,,,,,2169430784,80530964.0,1.5,0.0,0.0,0.0,0.0,1.0,0.0,1,,,,,,,2026-03-16,8716171.19,1.22,0.0,0.0,4.07,mixed setup,,,,,,,,,,2026-03-17T00:52:37Z,0.0,0.0,0.0,No Baseline,,0.0,,no event-intel signals; SEC=no recent Form 4 filings; SAM=SAM_API_KEY not set; Congress=HOUSE_PTR_CSV not set,,,,,,
,BLND,1.47,,,,,,,,,,,,,381827968,219316192.0,1.56,0.0,0.0,0.0,0.0,0.0,0.0,6,,,,,,,2026-03-16,8529591.38,0.0,0.0,0.0,3.88,mixed setup,,,,,,,,,,2026-03-17T00:52:10Z,2.99,7.47,0.0,Within Baseline,,3.0,"buy, form4, insider, open_market_sale, option_exercise, parsed, sell, tax_withholding","meaningful insider filing activity, latest event 19 day(s) ago, insider selling detected for blnd",,,,,,
2026-03-17T03:40:16Z,DSGN,10.99,,,,,,,,,,,,,626031680,29203674.0,5.45,1.0,1.0,0.0,2.0,3.0,0.0,3,,0.0,,,,,2026-03-16,12389224.56,3.0,0.0,0.0,18.0,"unusual volume, multi-day volume expansion, near breakout, trend improving, elevated news flow, short squeeze potential",,,,,,,,,,,,,,,,,,,0.0,0.0,Baseline Building,,2.0,"no event-intel signals; SEC=recent Form 4 filings found, but no actionable transactions parsed; SAM=SAM_API_KEY not set; Congress=HOUSE_PTR_CSV not set"
2026-03-17T03:38:47Z,ABX,9.92,,,,,,,,,"buy, form4, insider, open_market_buy, open_market_sale, parsed, sell",,,,969708352,43465209.0,1.51,2.0,3.0,0.0,1.0,3.0,0.0,7,,9.75,,,,,2026-03-16,10172602.96,2.41,0.0,0.0,15.91,"multi-day volume expansion, trend improving, elevated news flow, short squeeze potential",,,,,,,,,,,,,,,,,,,3.9,3.19,Elevated vs Baseline,"event_intel_score, sec_insider_score, signal_count, days_since_latest_event",4.0,"meaningful insider filing activity, latest event 1 day(s) ago, insider accumulation detected for abx"
2026-03-17T03:40:13Z,CTMX,6.75,,,,,,,,,"buy, form4, insider, parsed",,,,1143688960,122806774.0,42.46,0.0,1.0,0.0,0.0,3.0,2.0,3,,5.2,,,,,2026-03-16,796788866.25,3.0,0.0,0.0,15.0,"unusual volume, multi-day volume expansion, trend improving, short squeeze potential, gap strength",,,,,,,,,,,,,,,,,,,2.08,0.0,Baseline Building,,2.0,"recent insider filings, latest event 41 day(s) ago, insider accumulation detected for ctmx"
2026-03-17T03:39:02Z,BCRX,9.3,,,,,,,,,"buy, form4, insider, option_exercise, parsed, sell",,,,2332445952,218183999.0,3.99,1.0,2.0,0.0,0.0,3.0,0.0,3,,7.24,,,,,2026-03-16,183158593.36,3.0,0.0,0.0,14.39,"unusual volume, multi-day volume expansion, trend improving, elevated news flow, short squeeze potential",,,,,,,,,,,,,,,,,,,2.9,0.0,Baseline Building,,2.0,"meaningful insider filing activity, latest event 14 day(s) ago, insider selling detected for bcrx"
2026-03-17T03:40:17Z,GPRK,9.15,,,,,,,,,,,,,472725472,22642244.0,1.56,0.5,0.0,1.0,3.0,3.0,0.0,2,,0.0,,,,,2026-03-16,13756566.93,3.0,0.0,0.0,14.28,"multi-day volume expansion, near breakout, trend improving",,,,,,,,,,,,,,,,,,,0.0,0.0,Baseline Building,,1.0,"no event-intel signals; SEC=recent Form 4 filings found, but no actionable transactions parsed; SAM=SAM_API_KEY not set; Congress=HOUSE_PTR_CSV not set"
2026-03-17T03:40:16Z,ERIC,11.97,,,,,,,,,,,,,40268341248,2908414070.0,1.84,2.5,1.0,1.0,3.0,3.0,0.0,2,,0.0,,,,,2026-03-16,168806318.3,1.06,0.0,0.0,13.88,"near breakout, trend improving, elevated news flow, short squeeze potential",,,,,,,,,,,,,,,,,,,0.0,0.0,Baseline Building,,1.0,no event-intel signals; SEC=no recent Form 4 filings; SAM=SAM_API_KEY not set; Congress=HOUSE_PTR_CSV not set
2026-03-17T03:38:48Z,AGRO,10.9,,,,,,,,,,,,,1541976576,19962240.0,1.73,3.0,0.0,0.0,3.0,3.0,0.0,2,,0.0,,,,,2026-03-16,18593328.35,0.0,0.0,0.0,12.88,"near breakout, trend improving, elevated news flow",,,,,,,,,,,,,,,,,,,0.0,0.0,Baseline Building,,1.0,no event-intel signals; SEC=no recent Form 4 filings; SAM=SAM_API_KEY not set; Congress=HOUSE_PTR_CSV not set
2026-03-17T03:39:37Z,BW,11.74,,,,,,,,,"form4, insider, open_market_sale, option_exercise, parsed, sell, tax_withholding",,,,1531447808,93418315.0,1.76,3.0,0.0,0.0,0.0,3.0,0.0,7,,7.47,,,,,2026-03-16,96750453.41,3.0,0.0,0.0,12.52,"multi-day volume expansion, trend improving, elevated news flow",,,,,,,,,,,,,,,,,,,2.99,0.0,Within Baseline,,4.0,"meaningful insider filing activity, latest event 8 day(s) ago, insider selling detected for bw"
2026-03-17T03:39:38Z,CGAU,18.28,,,,,,,,,,,,,3659364608,199491208.0,1.89,3.0,0.0,0.0,0.0,2.0,0.0,2,,0.0,,,,,2026-03-16,57508004.72,3.0,0.0,0.0,10.27,"multi-day volume expansion, trend improving, elevated news flow",,,,,,,,,,,,,,,,,,,0.0,0.0,Baseline Building,,1.0,no event-intel signals; SEC=no recent Form 4 filings; SAM=SAM_API_KEY not set; Congress=HOUSE_PTR_CSV not set
2026-03-17T03:39:33Z,BRCB,16.2,,,,,,,,,"administrative, form4, insider, parsed",,,,283150944,16568349.0,2.2,0.5,0.0,0.0,0.0,1.0,0.0,3,,3.75,,,,,2026-03-16,23710207.72,3.0,0.0,0.0,10.24,"unusual volume, multi-day volume expansion",,,,,,,,,,,,,,,,,,,1.5,0.0,Baseline Building,,2.0,"recent insider filings, latest event 5 day(s) ago, recent insider filing activity for brcb"
2026-03-17T03:40:36Z,HNRG,15.97,,,,,,,,,"buy, form4, insider, parsed",,,,750900672,35935825.0,3.18,0.5,1.0,0.0,0.0,0.0,0.0,2,,7.7,,,,,2026-03-16,28911481.62,3.0,0.0,0.0,10.22,"unusual volume, multi-day volume expansion, short squeeze potential",,,,,,,,,,,,,,,,,,,3.08,0.0,Baseline Building,,1.0,"meaningful insider filing activity, latest event 6 day(s) ago, insider accumulation detected for hnrg"
2026-03-17T03:38:55Z,ARIS,19.0,,,,,,,,,,,,,3886243584,187913122.0,2.34,3.0,0.0,0.0,0.0,1.0,0.0,2,,0.0,,,,,2026-03-16,62806761.0,3.0,0.0,0.0,10.01,"unusual volume, multi-day volume expansion, elevated news flow",,,,,,,,,,,,,,,,,,,0.0,0.0,Baseline Building,,1.0,no event-intel signals; SEC=no recent Form 4 filings; SAM=SAM_API_KEY not set; Congress=HOUSE_PTR_CSV not set
2026-03-17T03:38:54Z,ALOY,11.25,,,,,,,,,"form4, insider, unparsed",,,,642500608,53935198.0,1.71,3.0,0.0,0.0,0.0,1.0,1.0,7,,1.95,,,,,2026-03-16,23408583.75,1.8,0.0,0.0,10.01,"multi-day volume expansion, elevated news flow, gap strength",,,,,,,,,,,,,,,,,,,0.78,0.0,Within Baseline,,4.0,"recent insider filings, latest event 12 day(s) ago, recent form 4 filing for aloy"
2026-03-17T03:39:18Z,BMBL,3.87,,,,,,,,,"form4, insider, parsed, sell, tax_withholding",,,,615131392,68367169.0,1.53,1.0,1.5,0.0,0.0,2.0,0.0,7,,7.96,,,,,2026-03-16,31909592.57,1.47,0.0,0.0,9.5,"trend improving, elevated news flow, short squeeze potential",,,,,,,,,,,,,,,,,,,3.18,0.0,Within Baseline,,4.0,"meaningful insider filing activity, latest event 5 day(s) ago, insider selling detected for bmbl"
2026-03-17T03:40:17Z,FINV,5.49,,,,,,,,,,,,,1426549248,603949278.0,2.41,0.0,0.0,1.0,0.0,2.0,0.0,2,,0.0,,,,,2026-03-16,12346619.7,3.0,0.0,0.0,9.49,"unusual volume, multi-day volume expansion, trend improving",,,,,,,,,,,,,,,,,,,0.0,0.0,Baseline Building,,1.0,no event-intel signals; SEC=no recent Form 4 filings; SAM=SAM_API_KEY not set; Congress=HOUSE_PTR_CSV not set
2026-03-17T03:40:29Z,GRNT,5.28,,,,,,,,,"buy, form4, insider, open_market_buy, parsed, sell, tax_withholding",,,,693006784,63509386.0,1.53,1.0,1.0,0.0,2.0,3.0,0.0,2,,9.6,,,,,2026-03-16,6298966.33,0.15,0.0,0.0,9.01,"near breakout, trend improving, elevated news flow, short squeeze potential",,,,,,,,,,,,,,,,,,,3.84,0.0,Baseline Building,,1.0,"meaningful insider filing activity, latest event 1 day(s) ago, insider accumulation detected for grnt"
2026-03-17T03:38:48Z,ALM,19.29,,,,,,,,,,,,,4947670528,167120051.0,1.72,3.0,0.0,0.0,0.0,3.0,1.0,2,,0.0,,,,,2026-03-16,162193375.52,0.75,0.0,0.0,8.77,"trend improving, elevated news flow, gap strength",,,,,,,,,,,,,,,,,,,0.0,0.0,Baseline Building,,1.0,no event-intel signals; SEC=no recent Form 4 filings; SAM=SAM_API_KEY not set; Congress=HOUSE_PTR_CSV not set
2026-03-17T03:39:39Z,CION,6.69,,,,,,,,,,,,,348460736,,1.93,1.0,0.0,0.0,0.0,0.0,0.0,7,,0.0,,,,,2026-03-16,8760060.01,3.0,0.0,0.0,8.72,"multi-day volume expansion, elevated news flow",,,,,,,,,,,,,,,,,,,0.0,0.0,Within Baseline,,4.0,"no event-intel signals; SEC=recent Form 4 filings found, but no actionable transactions parsed; SAM=SAM_API_KEY not set; Congress=HOUSE_PTR_CSV not set"
2026-03-17T03:40:32Z,HIMX,9.56,,,,,,,,,,,,,1672172288,247496277.0,1.63,1.0,0.0,0.0,0.0,2.0,0.0,2,,0.0,,,,,2026-03-16,59232653.64,3.0,0.0,0.0,8.36,"multi-day volume expansion, trend improving, elevated news flow",,,,,,,,,,,,,,,,,,,0.0,0.0,Baseline Building,,1.0,no event-intel signals; SEC=no recent Form 4 filings; SAM=SAM_API_KEY not set; Congress=HOUSE_PTR_CSV not set
2026-03-17T03:39:07Z,BLDP,2.53,,,,,,,,,,,,,760868800,300648652.0,1.9,0.5,1.0,0.0,1.0,2.0,0.0,2,,0.0,,,,,2026-03-16,15991854.05,1.0,0.0,0.0,8.08,"trend improving, short squeeze potential",,,,,,,,,,,,,,,,,,,0.0,0.0,Baseline Building,,1.0,no event-intel signals; SEC=no recent Form 4 filings; SAM=SAM_API_KEY not set; Congress=HOUSE_PTR_CSV not set
2026-03-17T03:39:48Z,CLOV,1.97,,,,,,,,,"form4, insider, open_market_sale, parsed, sell, tax_withholding",,,,1033594560,408736802.0,1.62,1.0,1.0,0.0,0.0,0.0,0.0,2,,7.17,,,,,2026-03-16,16892734.49,3.0,0.0,0.0,7.75,"multi-day volume expansion, elevated news flow, short squeeze potential",,,,,,,,,,,,,,,,,,,2.87,0.0,Baseline Building,,1.0,"meaningful insider filing activity, latest event 12 day(s) ago, insider selling detected for clov"
2026-03-17T03:39:31Z,BRBR,18.68,,,,,,,,,"buy, form4, insider, open_market_buy, parsed, sell",,,,2212186624,108374630.0,1.55,3.0,0.0,0.0,1.0,1.0,0.0,2,,7.96,,,,,2026-03-16,93458115.01,0.56,0.0,0.0,7.33,elevated news flow,,,,,,,,,,,,,,,,,,,3.18,0.0,Baseline Building,,1.0,"meaningful insider filing activity, latest event 6 day(s) ago, insider accumulation detected for brbr"
2026-03-17T03:40:07Z,CMCO,14.5,,,,,,,,,"buy, form4, insider, open_market_sale, parsed, sell, tax_withholding, unparsed",,,,416720800,27761219.0,1.77,0.0,0.0,0.0,0.0,0.0,0.0,2,,7.3,,,,,2026-03-16,12464707.5,3.0,0.0,0.0,7.12,multi-day volume expansion,,,,,,,,,,,,,,,,,,,2.92,0.0,Baseline Building,,1.0,"meaningful insider filing activity, latest event 14 day(s) ago, insider selling detected for cmco"
2026-03-17T03:39:06Z,BGY,5.59,,,,,,,,,"buy, form4, insider, option_exercise, parsed, sell",,,,506534816,,1.64,0.0,0.0,1.0,0.0,0.0,0.0,2,,6.06,,,,,2026-03-16,2874713.48,2.84,0.0,0.0,6.78,multi-day volume expansion,,,,,,,,,,,,,,,,,,,2.42,0.0,Baseline Building,,1.0,"meaningful insider filing activity, latest event 42 day(s) ago, insider selling detected for bgy"
2026-03-17T03:40:32Z,GRPN,10.29,,,,,,,,,"administrative, form4, insider, option_exercise, parsed, sell, tax_withholding",,,,419366944,29022811.0,1.64,0.0,3.0,0.0,0.0,0.0,0.0,2,,8.96,,,,,2026-03-16,22815512.71,0.0,0.0,0.0,6.37,short squeeze potential,,,,,,,,,,,,,,,,,,,3.58,0.0,Baseline Building,,1.0,"meaningful insider filing activity, latest event 1 day(s) ago, insider selling detected for grpn"
2026-03-17T03:38:56Z,BBAR,12.87,,,,,,,,,,,,,2737519104,161363326.0,1.69,0.0,0.0,0.0,0.0,0.0,0.0,2,,0.0,,,,,2026-03-16,15039701.69,2.51,0.0,0.0,5.44,multi-day volume expansion,,,,,,,,,,,,,,,,,,,0.0,0.0,Baseline Building,,1.0,no event-intel signals; SEC=no recent Form 4 filings; SAM=SAM_API_KEY not set; Congress=HOUSE_PTR_CSV not set
2026-03-17T03:39:38Z,BWLP,14.29,,,,,,,,,,,,,2169430784,80530964.0,1.5,0.0,0.0,0.0,0.0,1.0,0.0,2,,0.0,,,,,2026-03-16,8716171.19,1.22,0.0,0.0,4.47,mixed setup,,,,,,,,,,,,,,,,,,,0.0,0.0,Baseline Building,,1.0,no event-intel signals; SEC=no recent Form 4 filings; SAM=SAM_API_KEY not set; Congress=HOUSE_PTR_CSV not set
2026-03-17T03:39:15Z,BLND,1.47,,,,,,,,,"buy, form4, insider, open_market_sale, option_exercise, parsed, sell, tax_withholding",,,,381827968,219316192.0,1.56,0.0,0.0,0.0,0.0,0.0,0.0,7,,7.47,,,,,2026-03-16,8529591.38,0.0,0.0,0.0,3.88,mixed setup,,,,,,,,,,,,,,,,,,,2.99,0.0,Within Baseline,,4.0,"meaningful insider filing activity, latest event 19 day(s) ago, insider selling detected for blnd"
2026-03-17T19:08:09Z,AGRO,12.45,,,,,,,,,,,,,1761446528,19962240.0,3.56,3.0,0.0,0.0,0.0,3.0,1.0,3,,0.0,,,,,2026-03-17,46537156.57,2.02,1.0,0.0,15.39,"unusual volume, multi-day volume expansion, trend improving, elevated news flow, gap strength, retail attention",,,,,,,,,,,,,,,,,,,0.0,0.0,Baseline Building,,2.0,no event-intel signals; SEC=no recent Form 4 filings; SAM=SAM_API_KEY not set; Congress=HOUSE_PTR_CSV not set
2026-03-17T19:09:40Z,TRON,1.9,,,,,,,,,,,,,521325952,28802067.0,2.76,3.0,2.5,0.0,0.0,2.0,0.0,1,,0.0,,,,,2026-03-17,3142054.66,3.0,1.0,0.0,14.91,"unusual volume, multi-day volume expansion, trend improving, elevated news flow, short squeeze potential, retail attention",,,,,,,,,,,,,,,,,,,0.0,0.0,No Baseline,,0.0,"no event-intel signals; SEC=recent Form 4 filings found, but no actionable transactions parsed; SAM=SAM_API_KEY not set; Congress=HOUSE_PTR_CSV not set"
2026-03-17T19:08:46Z,NFE,1.19,,,,,,,,,"buy, form4, insider, parsed",,,,338617856,128541041.0,6.64,1.5,2.5,0.0,0.0,1.0,0.0,1,,4.6,,,,,2026-03-17,70248389.21,3.0,1.0,0.0,14.6,"unusual volume, multi-day volume expansion, elevated news flow, short squeeze potential, retail attention",,,,,,,,,,,,,,,,,,,1.84,0.0,No Baseline,,0.0,"recent insider filings, latest event 40 day(s) ago, insider accumulation detected for nfe"
2026-03-17T19:09:39Z,TOI,3.61,,,,,,,,,,,,,356809312,80221803.0,1.53,3.0,1.0,0.0,3.0,2.0,0.0,1,,0.0,,,,,2026-03-17,11653812.49,3.0,1.0,0.0,14.54,"multi-day volume expansion, near breakout, trend improving, elevated news flow, short squeeze potential, retail attention",,,,,,,,,,,,,,,,,,,0.0,0.0,No Baseline,,0.0,"no event-intel signals; SEC=recent Form 4 filings found, but no actionable transactions parsed; SAM=SAM_API_KEY not set; Congress=HOUSE_PTR_CSV not set"
2026-03-17T19:09:38Z,TALK,5.14,,,,,,,,,"buy, form4, insider, parsed, sell, tax_withholding",,,,857541760,128503172.0,1.67,3.0,0.0,1.0,2.0,3.0,0.0,1,,9.75,,,,,2026-03-17,50851409.17,3.0,1.0,0.0,14.31,"multi-day volume expansion, near breakout, trend improving, elevated news flow, retail attention",,,,,,,,,,,,,,,,,,,3.9,0.0,No Baseline,,0.0,"meaningful insider filing activity, latest event 1 day(s) ago, insider selling detected for talk"
2026-03-17T19:08:22Z,FINV,6.05,,,,,,,,,,,,,1573361664,603949278.0,2.21,0.0,0.0,0.0,3.0,3.0,0.0,3,,0.0,,,,,2026-03-17,13425133.51,3.0,1.0,0.0,13.56,"unusual volume, multi-day volume expansion, near breakout, trend improving, retail attention",,,,,,,,,,,,,,,,,,,0.0,0.0,Baseline Building,,2.0,no event-intel signals; SEC=no recent Form 4 filings; SAM=SAM_API_KEY not set; Congress=HOUSE_PTR_CSV not set
2026-03-17T19:09:39Z,TME,11.47,,,,,,,,,,,,,19309369344,1122936726.0,8.78,3.0,0.0,0.0,0.0,0.0,0.0,1,,0.0,,,,,2026-03-17,612439831.66,3.0,1.0,0.0,12.5,"unusual volume, multi-day volume expansion, elevated news flow, retail attention",,,,,,,,,,,,,,,,,,,0.0,0.0,No Baseline,,0.0,no event-intel signals; SEC=no recent Form 4 filings; SAM=SAM_API_KEY not set; Congress=HOUSE_PTR_CSV not set
2026-03-17T19:08:44Z,MVST,1.62,,,,,,,,,"buy, form4, insider, open_market_sale, parsed, sell",,,,533297120,199168684.0,6.42,0.0,1.5,0.0,0.0,0.0,0.0,2,,8.22,,,,,2026-03-17,34438005.88,3.0,1.0,0.0,12.0,"unusual volume, multi-day volume expansion, short squeeze potential, retail attention",,,,,,,,,,,,,,,,,,,3.29,0.0,Baseline Building,,1.0,"meaningful insider filing activity, latest event 4 day(s) ago, insider accumulation detected for mvst"
2026-03-17T19:08:08Z,ABSI,2.99,,,,,,,,,"buy, form4, insider, open_market_buy, open_market_sale, option_exercise, parsed, sell, tax_withholding",,,,449595872,132323940.0,1.94,1.0,3.0,0.0,0.0,2.0,0.0,1,,9.75,,,,,2026-03-17,16155114.99,3.0,1.0,0.0,11.82,"multi-day volume expansion, trend improving, elevated news flow, short squeeze potential, retail attention",,,,,,,,,,,,,,,,,,,3.9,0.0,No Baseline,,0.0,"meaningful insider filing activity, latest event 1 day(s) ago, insider accumulation detected for absi"
2026-03-17T19:08:21Z,CTMX,5.47,,,,,,,,,"buy, form4, insider, parsed",,,,926811584,123351351.0,1.78,1.0,1.0,0.0,0.0,3.0,0.0,4,,5.2,,,,,2026-03-17,83989702.54,3.0,1.0,0.0,11.63,"multi-day volume expansion, trend improving, elevated news flow, short squeeze potential, retail attention",,,,,,,,,,,,,,,,,,,2.08,0.0,Within Baseline,,3.0,"recent insider filings, latest event 41 day(s) ago, insider accumulation detected for ctmx"
2026-03-17T19:09:01Z,PCT,5.38,,,,,,,,,"buy, form4, insider, parsed, sell, tax_withholding",,,,970721920,141602584.0,1.9,3.0,3.0,0.0,0.0,0.0,0.0,1,,7.36,,,,,2026-03-17,52565102.75,2.35,1.0,0.0,11.01,"multi-day volume expansion, elevated news flow, short squeeze potential, retail attention",,,,,,,,,,,,,,,,,,,2.94,0.0,No Baseline,,0.0,"meaningful insider filing activity, latest event 14 day(s) ago, insider selling detected for pct"
2026-03-17T19:08:47Z,OBE,8.53,,,,,,,,,,,,,576609856,60376354.0,1.56,3.0,1.5,1.0,1.0,3.0,0.0,1,,0.0,,,,,2026-03-17,8808631.94,0.26,0.5,0.0,10.94,"trend improving, elevated news flow, short squeeze potential",,,,,,,,,,,,,,,,,,,0.0,0.0,No Baseline,,0.0,"no event-intel signals; SEC=recent Form 4 filings found, but no actionable transactions parsed; SAM=SAM_API_KEY not set; Congress=HOUSE_PTR_CSV not set"
2026-03-17T19:08:15Z,ALOY,13.6,,,,,,,,,"form4, insider, unparsed",,,,776711936,53935198.0,1.82,3.0,0.0,0.0,0.0,2.0,0.0,8,,1.95,,,,,2026-03-17,32609088.11,1.85,1.0,0.0,10.9,"multi-day volume expansion, trend improving, elevated news flow, retail attention",,,,,,,,,,,,,,,,,,,0.78,0.0,Within Baseline,,5.0,"recent insider filings, latest event 12 day(s) ago, recent form 4 filing for aloy"
2026-03-17T19:08:48Z,OCGN,2.55,,,,,,,,,,,,,834498624,322732914.0,1.51,0.5,2.5,0.0,1.0,3.0,1.0,1,,0.0,,,,,2026-03-17,36858093.4,0.0,1.0,0.0,9.41,"trend improving, short squeeze potential, gap strength, retail attention",,,,,,,,,,,,,,,,,,,0.0,0.0,No Baseline,,0.0,"no event-intel signals; SEC=recent Form 4 filings found, but no actionable transactions parsed; SAM=SAM_API_KEY not set; Congress=HOUSE_PTR_CSV not set"
2026-03-17T19:09:42Z,VIA,14.3,,,,,,,,,"administrative, form4, insider, parsed",,,,1161000064,60173089.0,1.54,3.0,1.0,0.0,0.0,0.0,0.0,1,,1.25,,,,,2026-03-17,21953217.29,3.0,1.0,0.0,9.35,"multi-day volume expansion, elevated news flow, short squeeze potential, retail attention",,,,,,,,,,,,,,,,,,,0.5,0.0,No Baseline,,0.0,"recent insider filings, latest event 28 day(s) ago, recent insider filing activity for via"
2026-03-17T19:08:36Z,LAES,3.13,,,,,,,,,,,,,560406720,121649573.0,2.02,3.0,0.0,0.0,0.0,0.0,0.0,2,,0.0,,,,,2026-03-17,38548309.24,3.0,1.0,0.0,9.32,"unusual volume, multi-day volume expansion, elevated news flow, retail attention",,,,,,,,,,,,,,,,,,,0.0,0.0,Baseline Building,,1.0,no event-intel signals; SEC=no recent Form 4 filings; SAM=SAM_API_KEY not set; Congress=HOUSE_PTR_CSV not set
2026-03-17T19:09:27Z,SOFI,17.08,,,,,,,,,"buy, form4, insider, open_market_buy, open_market_sale, option_exercise, parsed, sell, tax_withholding",,,,21800634368,1254528060.0,1.84,2.5,0.0,0.0,0.0,0.0,0.0,1,,8.45,,,,,2026-03-17,2153346491.13,3.0,1.0,0.0,8.31,"multi-day volume expansion, elevated news flow, retail attention",,,,,,,,,,,,,,,,,,,3.38,0.0,No Baseline,,0.0,"meaningful insider filing activity, latest event 4 day(s) ago, insider accumulation detected for sofi"
2026-03-17T19:09:10Z,PEPG,5.09,,,,,,,,,"buy, form4, insider, open_market_sale, parsed, sell",,,,351796864,36971152.0,1.85,0.0,0.0,0.0,0.0,1.0,0.0,1,,7.47,,,,,2026-03-17,6371438.23,2.87,1.0,0.0,7.96,"multi-day volume expansion, retail attention",,,,,,,,,,,,,,,,,,,2.99,0.0,No Baseline,,0.0,"meaningful insider filing activity, latest event 11 day(s) ago, insider selling detected for pepg"
2026-03-17T19:08:36Z,IRWD,3.28,,,,,,,,,"buy, form4, insider, open_market_sale, parsed, sell",,,,533396352,119176062.0,2.87,0.5,0.0,0.0,0.0,0.0,0.0,1,,8.45,,,,,2026-03-17,30112256.93,3.0,1.0,0.0,7.95,"unusual volume, multi-day volume expansion, retail attention",,,,,,,,,,,,,,,,,,,3.38,0.0,No Baseline,,0.0,"meaningful insider filing activity, latest event 5 day(s) ago, insider accumulation detected for irwd"
2026-03-17T19:08:15Z,BBAR,13.22,,,,,,,,,,,,,2811965952,161363326.0,1.73,0.0,0.0,0.0,0.0,0.0,0.0,3,,0.0,,,,,2026-03-17,16381576.55,3.0,0.5,0.0,6.73,multi-day volume expansion,,,,,,,,,,,,,,,,,,,0.0,0.0,Baseline Building,,2.0,no event-intel signals; SEC=no recent Form 4 filings; SAM=SAM_API_KEY not set; Congress=HOUSE_PTR_CSV not set
2026-03-18T14:06:02Z,BCAR,10.11,,,,,,,,,,,,,416532000,25099864.0,2.9,1.0,0.0,3.0,3.0,1.0,0.0,1,,0.0,,,,,2026-03-18,4467780.72,3.0,1.0,0.0,16.78,"unusual volume, multi-day volume expansion, tight consolidation, near breakout, elevated news flow, retail attention",,,,,,,,,,,,,,,,,,,0.0,0.0,No Baseline,,0.0,"no event-intel signals; SEC=recent Form 4 filings found, but no actionable transactions parsed; SAM=SAM_API_KEY not set; Congress=HOUSE_PTR_CSV not set"
2026-03-18T14:06:02Z,IAUX,1.45,,,,,,,,,,,,,1213947776,701107358.0,2.0,0.0,0.0,0.0,0.0,1.0,0.0,1,,0.0,,,,,2026-03-18,24004842.29,2.6,1.0,0.0,6.81,"multi-day volume expansion, retail attention",,,,,,,,,,,,,,,,,,,0.0,0.0,No Baseline,,0.0,"no event-intel signals; SEC=recent Form 4 filings found, but no actionable transactions parsed; SAM=SAM_API_KEY not set; Congress=HOUSE_PTR_CSV not set"
